0_partnerdata,46,use ,H:/git/isdatadoku/MASTER///hume/soep-data/DATA2/SOEP-IS/SOEP-IS 2017 Generierung HiWi/Data/helpdata/partner/zpbrutto.dta
0_partnerdata,80,save ,H:/git/isdatadoku/MASTER///hume/soep-data/DATA2/SOEP-IS/SOEP-IS 2018 Generierung HiWi/Data/helpdata/partner/zpbrutto.dta
0_partnerdata,46,use ,H:/git/isdatadoku/MASTER///hume/soep-data/DATA2/SOEP-IS/SOEP-IS 2017 Generierung HiWi/Data/helpdata/partner/bapbrutto.dta
0_partnerdata,80,save ,H:/git/isdatadoku/MASTER///hume/soep-data/DATA2/SOEP-IS/SOEP-IS 2018 Generierung HiWi/Data/helpdata/partner/bapbrutto.dta
0_partnerdata,46,use ,H:/git/isdatadoku/MASTER///hume/soep-data/DATA2/SOEP-IS/SOEP-IS 2017 Generierung HiWi/Data/helpdata/partner/bbpbrutto.dta
0_partnerdata,80,save ,H:/git/isdatadoku/MASTER///hume/soep-data/DATA2/SOEP-IS/SOEP-IS 2018 Generierung HiWi/Data/helpdata/partner/bbpbrutto.dta
0_partnerdata,46,use ,H:/git/isdatadoku/MASTER///hume/soep-data/DATA2/SOEP-IS/SOEP-IS 2017 Generierung HiWi/Data/helpdata/partner/is11pbrutto.dta
0_partnerdata,80,save ,H:/git/isdatadoku/MASTER///hume/soep-data/DATA2/SOEP-IS/SOEP-IS 2018 Generierung HiWi/Data/helpdata/partner/is11pbrutto.dta
0_partnerdata,46,use ,H:/git/isdatadoku/MASTER///hume/soep-data/DATA2/SOEP-IS/SOEP-IS 2017 Generierung HiWi/Data/helpdata/partner/is12pbrutto.dta
0_partnerdata,80,save ,H:/git/isdatadoku/MASTER///hume/soep-data/DATA2/SOEP-IS/SOEP-IS 2018 Generierung HiWi/Data/helpdata/partner/is12pbrutto.dta
0_partnerdata,46,use ,H:/git/isdatadoku/MASTER///hume/soep-data/DATA2/SOEP-IS/SOEP-IS 2017 Generierung HiWi/Data/helpdata/partner/is13pbrutto.dta
0_partnerdata,80,save ,H:/git/isdatadoku/MASTER///hume/soep-data/DATA2/SOEP-IS/SOEP-IS 2018 Generierung HiWi/Data/helpdata/partner/is13pbrutto.dta
0_partnerdata,46,use ,H:/git/isdatadoku/MASTER///hume/soep-data/DATA2/SOEP-IS/SOEP-IS 2017 Generierung HiWi/Data/helpdata/partner/is14pbrutto.dta
0_partnerdata,80,save ,H:/git/isdatadoku/MASTER///hume/soep-data/DATA2/SOEP-IS/SOEP-IS 2018 Generierung HiWi/Data/helpdata/partner/is14pbrutto.dta
0_partnerdata,46,use ,H:/git/isdatadoku/MASTER///hume/soep-data/DATA2/SOEP-IS/SOEP-IS 2017 Generierung HiWi/Data/helpdata/partner/is15pbrutto.dta
0_partnerdata,80,save ,H:/git/isdatadoku/MASTER///hume/soep-data/DATA2/SOEP-IS/SOEP-IS 2018 Generierung HiWi/Data/helpdata/partner/is15pbrutto.dta
0_partnerdata,46,use ,H:/git/isdatadoku/MASTER///hume/soep-data/DATA2/SOEP-IS/SOEP-IS 2017 Generierung HiWi/Data/helpdata/partner/is16pbrutto.dta
0_partnerdata,80,save ,H:/git/isdatadoku/MASTER///hume/soep-data/DATA2/SOEP-IS/SOEP-IS 2018 Generierung HiWi/Data/helpdata/partner/is16pbrutto.dta
0_partnerdata,46,use ,H:/git/isdatadoku/MASTER///hume/soep-data/DATA2/SOEP-IS/SOEP-IS 2017 Generierung HiWi/Data/helpdata/partner/is17pbrutto.dta
0_partnerdata,80,save ,H:/git/isdatadoku/MASTER///hume/soep-data/DATA2/SOEP-IS/SOEP-IS 2018 Generierung HiWi/Data/helpdata/partner/is17pbrutto.dta
0_partnerdata,46,use ,H:/git/isdatadoku/MASTER///hume/soep-data/DATA2/SOEP-IS/SOEP-IS 2017 Generierung HiWi/Data/helpdata/partner/zp.dta
0_partnerdata,80,save ,H:/git/isdatadoku/MASTER///hume/soep-data/DATA2/SOEP-IS/SOEP-IS 2018 Generierung HiWi/Data/helpdata/partner/zp.dta
0_partnerdata,46,use ,H:/git/isdatadoku/MASTER///hume/soep-data/DATA2/SOEP-IS/SOEP-IS 2017 Generierung HiWi/Data/helpdata/partner/bap.dta
0_partnerdata,80,save ,H:/git/isdatadoku/MASTER///hume/soep-data/DATA2/SOEP-IS/SOEP-IS 2018 Generierung HiWi/Data/helpdata/partner/bap.dta
0_partnerdata,46,use ,H:/git/isdatadoku/MASTER///hume/soep-data/DATA2/SOEP-IS/SOEP-IS 2017 Generierung HiWi/Data/helpdata/partner/bbp.dta
0_partnerdata,80,save ,H:/git/isdatadoku/MASTER///hume/soep-data/DATA2/SOEP-IS/SOEP-IS 2018 Generierung HiWi/Data/helpdata/partner/bbp.dta
0_partnerdata,47,use ,S:/DATA2/SOEP-IS/SOEP-IS 2016 Generierung HiWi/Data/helpdata/partner/is11p.dta
0_partnerdata,80,save ,H:/git/isdatadoku/MASTER///hume/soep-data/DATA2/SOEP-IS/SOEP-IS 2018 Generierung HiWi/Data/helpdata/partner/is11p.dta
0_partnerdata,46,use ,H:/git/isdatadoku/MASTER///hume/soep-data/DATA2/SOEP-IS/SOEP-IS 2017 Generierung HiWi/Data/helpdata/partner/is12p.dta
0_partnerdata,80,save ,H:/git/isdatadoku/MASTER///hume/soep-data/DATA2/SOEP-IS/SOEP-IS 2018 Generierung HiWi/Data/helpdata/partner/is12p.dta
0_partnerdata,46,use ,H:/git/isdatadoku/MASTER///hume/soep-data/DATA2/SOEP-IS/SOEP-IS 2017 Generierung HiWi/Data/helpdata/partner/is13p.dta
0_partnerdata,80,save ,H:/git/isdatadoku/MASTER///hume/soep-data/DATA2/SOEP-IS/SOEP-IS 2018 Generierung HiWi/Data/helpdata/partner/is13p.dta
0_partnerdata,46,use ,H:/git/isdatadoku/MASTER///hume/soep-data/DATA2/SOEP-IS/SOEP-IS 2017 Generierung HiWi/Data/helpdata/partner/is14p.dta
0_partnerdata,80,save ,H:/git/isdatadoku/MASTER///hume/soep-data/DATA2/SOEP-IS/SOEP-IS 2018 Generierung HiWi/Data/helpdata/partner/is14p.dta
0_partnerdata,46,use ,H:/git/isdatadoku/MASTER///hume/soep-data/DATA2/SOEP-IS/SOEP-IS 2017 Generierung HiWi/Data/helpdata/partner/is15p.dta
0_partnerdata,80,save ,H:/git/isdatadoku/MASTER///hume/soep-data/DATA2/SOEP-IS/SOEP-IS 2018 Generierung HiWi/Data/helpdata/partner/is15p.dta
0_partnerdata,46,use ,H:/git/isdatadoku/MASTER///hume/soep-data/DATA2/SOEP-IS/SOEP-IS 2017 Generierung HiWi/Data/helpdata/partner/is16p.dta
0_partnerdata,80,save ,H:/git/isdatadoku/MASTER///hume/soep-data/DATA2/SOEP-IS/SOEP-IS 2018 Generierung HiWi/Data/helpdata/partner/is16p.dta
0_partnerdata,46,use ,H:/git/isdatadoku/MASTER///hume/soep-data/DATA2/SOEP-IS/SOEP-IS 2017 Generierung HiWi/Data/helpdata/partner/is17p.dta
0_partnerdata,80,save ,H:/git/isdatadoku/MASTER///hume/soep-data/DATA2/SOEP-IS/SOEP-IS 2018 Generierung HiWi/Data/helpdata/partner/is17p.dta
0_partnerdata,46,use ,H:/git/isdatadoku/MASTER///hume/soep-data/DATA2/SOEP-IS/SOEP-IS 2017 Generierung HiWi/Data/helpdata/partner/zlela.dta
0_partnerdata,80,save ,H:/git/isdatadoku/MASTER///hume/soep-data/DATA2/SOEP-IS/SOEP-IS 2018 Generierung HiWi/Data/helpdata/partner/zlela.dta
0_partnerdata,46,use ,H:/git/isdatadoku/MASTER///hume/soep-data/DATA2/SOEP-IS/SOEP-IS 2017 Generierung HiWi/Data/helpdata/partner/balela.dta
0_partnerdata,80,save ,H:/git/isdatadoku/MASTER///hume/soep-data/DATA2/SOEP-IS/SOEP-IS 2018 Generierung HiWi/Data/helpdata/partner/balela.dta
0_partnerdata,46,use ,H:/git/isdatadoku/MASTER///hume/soep-data/DATA2/SOEP-IS/SOEP-IS 2017 Generierung HiWi/Data/helpdata/partner/bblela.dta
0_partnerdata,80,save ,H:/git/isdatadoku/MASTER///hume/soep-data/DATA2/SOEP-IS/SOEP-IS 2018 Generierung HiWi/Data/helpdata/partner/bblela.dta
0_partnerdata,46,use ,H:/git/isdatadoku/MASTER///hume/soep-data/DATA2/SOEP-IS/SOEP-IS 2017 Generierung HiWi/Data/helpdata/partner/is11lela.dta
0_partnerdata,80,save ,H:/git/isdatadoku/MASTER///hume/soep-data/DATA2/SOEP-IS/SOEP-IS 2018 Generierung HiWi/Data/helpdata/partner/is11lela.dta
0_partnerdata,46,use ,H:/git/isdatadoku/MASTER///hume/soep-data/DATA2/SOEP-IS/SOEP-IS 2017 Generierung HiWi/Data/helpdata/partner/is12lela.dta
0_partnerdata,80,save ,H:/git/isdatadoku/MASTER///hume/soep-data/DATA2/SOEP-IS/SOEP-IS 2018 Generierung HiWi/Data/helpdata/partner/is12lela.dta
0_partnerdata,46,use ,H:/git/isdatadoku/MASTER///hume/soep-data/DATA2/SOEP-IS/SOEP-IS 2017 Generierung HiWi/Data/helpdata/partner/is13lela.dta
0_partnerdata,80,save ,H:/git/isdatadoku/MASTER///hume/soep-data/DATA2/SOEP-IS/SOEP-IS 2018 Generierung HiWi/Data/helpdata/partner/is13lela.dta
0_partnerdata,46,use ,H:/git/isdatadoku/MASTER///hume/soep-data/DATA2/SOEP-IS/SOEP-IS 2017 Generierung HiWi/Data/helpdata/partner/is14lela.dta
0_partnerdata,80,save ,H:/git/isdatadoku/MASTER///hume/soep-data/DATA2/SOEP-IS/SOEP-IS 2018 Generierung HiWi/Data/helpdata/partner/is14lela.dta
0_partnerdata,46,use ,H:/git/isdatadoku/MASTER///hume/soep-data/DATA2/SOEP-IS/SOEP-IS 2017 Generierung HiWi/Data/helpdata/partner/is15lela.dta
0_partnerdata,80,save ,H:/git/isdatadoku/MASTER///hume/soep-data/DATA2/SOEP-IS/SOEP-IS 2018 Generierung HiWi/Data/helpdata/partner/is15lela.dta
0_partnerdata,46,use ,H:/git/isdatadoku/MASTER///hume/soep-data/DATA2/SOEP-IS/SOEP-IS 2017 Generierung HiWi/Data/helpdata/partner/is16lela.dta
0_partnerdata,80,save ,H:/git/isdatadoku/MASTER///hume/soep-data/DATA2/SOEP-IS/SOEP-IS 2018 Generierung HiWi/Data/helpdata/partner/is16lela.dta
0_partnerdata,46,use ,H:/git/isdatadoku/MASTER///hume/soep-data/DATA2/SOEP-IS/SOEP-IS 2017 Generierung HiWi/Data/helpdata/partner/is17lela.dta
0_partnerdata,80,save ,H:/git/isdatadoku/MASTER///hume/soep-data/DATA2/SOEP-IS/SOEP-IS 2018 Generierung HiWi/Data/helpdata/partner/is17lela.dta
0_partnerdata,46,use ,H:/git/isdatadoku/MASTER///hume/soep-data/DATA2/SOEP-IS/SOEP-IS 2017 Generierung HiWi/Data/helpdata/partner/is12lela_org.dta
0_partnerdata,80,save ,H:/git/isdatadoku/MASTER///hume/soep-data/DATA2/SOEP-IS/SOEP-IS 2018 Generierung HiWi/Data/helpdata/partner/is12lela_org.dta
0_partnerdata,46,use ,H:/git/isdatadoku/MASTER///hume/soep-data/DATA2/SOEP-IS/SOEP-IS 2017 Generierung HiWi/Data/helpdata/partner/is13lela_org.dta
0_partnerdata,80,save ,H:/git/isdatadoku/MASTER///hume/soep-data/DATA2/SOEP-IS/SOEP-IS 2018 Generierung HiWi/Data/helpdata/partner/is13lela_org.dta
0_partnerdata,46,use ,H:/git/isdatadoku/MASTER///hume/soep-data/DATA2/SOEP-IS/SOEP-IS 2017 Generierung HiWi/Data/helpdata/partner/is14lela_org.dta
0_partnerdata,80,save ,H:/git/isdatadoku/MASTER///hume/soep-data/DATA2/SOEP-IS/SOEP-IS 2018 Generierung HiWi/Data/helpdata/partner/is14lela_org.dta
0_partnerdata,46,use ,H:/git/isdatadoku/MASTER///hume/soep-data/DATA2/SOEP-IS/SOEP-IS 2017 Generierung HiWi/Data/helpdata/partner/is15lela_org.dta
0_partnerdata,80,save ,H:/git/isdatadoku/MASTER///hume/soep-data/DATA2/SOEP-IS/SOEP-IS 2018 Generierung HiWi/Data/helpdata/partner/is15lela_org.dta
0_partnerdata,46,use ,H:/git/isdatadoku/MASTER///hume/soep-data/DATA2/SOEP-IS/SOEP-IS 2017 Generierung HiWi/Data/helpdata/partner/is16lela_org.dta
0_partnerdata,80,save ,H:/git/isdatadoku/MASTER///hume/soep-data/DATA2/SOEP-IS/SOEP-IS 2018 Generierung HiWi/Data/helpdata/partner/is16lela_org.dta
0_partnerdata,46,use ,H:/git/isdatadoku/MASTER///hume/soep-data/DATA2/SOEP-IS/SOEP-IS 2017 Generierung HiWi/Data/helpdata/partner/is17lela_org.dta
0_partnerdata,80,save ,H:/git/isdatadoku/MASTER///hume/soep-data/DATA2/SOEP-IS/SOEP-IS 2018 Generierung HiWi/Data/helpdata/partner/is17lela_org.dta
0_partnerdata,46,use ,H:/git/isdatadoku/MASTER///hume/soep-data/DATA2/SOEP-IS/SOEP-IS 2017 Generierung HiWi/Data/helpdata/partner/zpgen.dta
0_partnerdata,80,save ,H:/git/isdatadoku/MASTER///hume/soep-data/DATA2/SOEP-IS/SOEP-IS 2018 Generierung HiWi/Data/helpdata/partner/zpgen.dta
0_partnerdata,46,use ,H:/git/isdatadoku/MASTER///hume/soep-data/DATA2/SOEP-IS/SOEP-IS 2017 Generierung HiWi/Data/helpdata/partner/bapgen.dta
0_partnerdata,80,save ,H:/git/isdatadoku/MASTER///hume/soep-data/DATA2/SOEP-IS/SOEP-IS 2018 Generierung HiWi/Data/helpdata/partner/bapgen.dta
0_partnerdata,46,use ,H:/git/isdatadoku/MASTER///hume/soep-data/DATA2/SOEP-IS/SOEP-IS 2017 Generierung HiWi/Data/helpdata/partner/bbpgen.dta
0_partnerdata,80,save ,H:/git/isdatadoku/MASTER///hume/soep-data/DATA2/SOEP-IS/SOEP-IS 2018 Generierung HiWi/Data/helpdata/partner/bbpgen.dta
0_partnerdata,46,use ,H:/git/isdatadoku/MASTER///hume/soep-data/DATA2/SOEP-IS/SOEP-IS 2017 Generierung HiWi/Data/helpdata/partner/is11pgen.dta
0_partnerdata,80,save ,H:/git/isdatadoku/MASTER///hume/soep-data/DATA2/SOEP-IS/SOEP-IS 2018 Generierung HiWi/Data/helpdata/partner/is11pgen.dta
0_partnerdata,46,use ,H:/git/isdatadoku/MASTER///hume/soep-data/DATA2/SOEP-IS/SOEP-IS 2017 Generierung HiWi/Data/helpdata/partner/is12pgen.dta
0_partnerdata,80,save ,H:/git/isdatadoku/MASTER///hume/soep-data/DATA2/SOEP-IS/SOEP-IS 2018 Generierung HiWi/Data/helpdata/partner/is12pgen.dta
0_partnerdata,46,use ,H:/git/isdatadoku/MASTER///hume/soep-data/DATA2/SOEP-IS/SOEP-IS 2017 Generierung HiWi/Data/helpdata/partner/is13pgen.dta
0_partnerdata,80,save ,H:/git/isdatadoku/MASTER///hume/soep-data/DATA2/SOEP-IS/SOEP-IS 2018 Generierung HiWi/Data/helpdata/partner/is13pgen.dta
0_partnerdata,46,use ,H:/git/isdatadoku/MASTER///hume/soep-data/DATA2/SOEP-IS/SOEP-IS 2017 Generierung HiWi/Data/helpdata/partner/is14pgen.dta
0_partnerdata,80,save ,H:/git/isdatadoku/MASTER///hume/soep-data/DATA2/SOEP-IS/SOEP-IS 2018 Generierung HiWi/Data/helpdata/partner/is14pgen.dta
0_partnerdata,46,use ,H:/git/isdatadoku/MASTER///hume/soep-data/DATA2/SOEP-IS/SOEP-IS 2017 Generierung HiWi/Data/helpdata/partner/is15pgen.dta
0_partnerdata,80,save ,H:/git/isdatadoku/MASTER///hume/soep-data/DATA2/SOEP-IS/SOEP-IS 2018 Generierung HiWi/Data/helpdata/partner/is15pgen.dta
0_partnerdata,46,use ,H:/git/isdatadoku/MASTER///hume/soep-data/DATA2/SOEP-IS/SOEP-IS 2017 Generierung HiWi/Data/helpdata/partner/is16pgen.dta
0_partnerdata,80,save ,H:/git/isdatadoku/MASTER///hume/soep-data/DATA2/SOEP-IS/SOEP-IS 2018 Generierung HiWi/Data/helpdata/partner/is16pgen.dta
0_partnerdata,83,use ,H:/git/isdatadoku/MASTER///hume/soep-data/DATA2/SOEP-IS/SOEP-IS 2018 Generierung HiWi/Data/helpdata/partner/is13pgen.dta
0_partnerdata,91,use ,H:/git/isdatadoku/MASTER///hume/soep-data/DATA2/SOEP-IS/SOEP-IS data 2018 W10 Rohdaten/Brutto/pbru_2018.dta
0_partnerdata,97,save ,H:/git/isdatadoku/MASTER///hume/soep-data/DATA2/SOEP-IS/SOEP-IS 2018 Generierung HiWi/Data/helpdata/partner/pbrutto18_pbrutto.dta
0_partnerdata,99,use ,H:/git/isdatadoku/MASTER///hume/soep-data/DATA2/SOEP-IS/BIP 2018 Datenlieferung/Brutto/pbru_2018_BIP.dta
0_partnerdata,105,save ,H:/git/isdatadoku/MASTER///hume/soep-data/DATA2/SOEP-IS/SOEP-IS 2018 Generierung HiWi/Data/helpdata/partner/bip18_pbrutto.dta
0_partnerdata,117,use ,H:/git/isdatadoku/MASTER///hume/soep-data/DATA2/SOEP-IS/SOEP-IS 2018 Generierung HiWi/Data/helpdata/partner/pbrutto18_pbrutto.dta
0_partnerdata,118,append ,H:/git/isdatadoku/MASTER///hume/soep-data/DATA2/SOEP-IS/SOEP-IS 2018 Generierung HiWi/Data/helpdata/partner/bip18_pbrutto.dta
0_partnerdata,120,save ,H:/git/isdatadoku/MASTER///hume/soep-data/DATA2/SOEP-IS/SOEP-IS 2018 Generierung HiWi/Data/helpdata/partner/is18pbrutto.dta
0_partnerdata,124,use ,H:/git/isdatadoku/MASTER///hume/soep-data/DATA2/SOEP-IS/SOEP-IS data 2018 W10 Rohdaten/Netto/Inno18F_PE.dta
0_partnerdata,125,append ,H:/git/isdatadoku/MASTER///hume/soep-data/DATA2/SOEP-IS/BIP 2018 Datenlieferung/Netto/PB18_BIP.dta
0_partnerdata,140,save ,H:/git/isdatadoku/MASTER///hume/soep-data/DATA2/SOEP-IS/SOEP-IS 2018 Generierung HiWi/Data/helpdata/partner/is18p.dta
0_partnerdata,144,use ,H:/git/isdatadoku/MASTER///hume/soep-data/DATA2/SOEP-IS/SOEP-IS data 2018 W10 Rohdaten/Netto/Inno18F_PE.dta
0_partnerdata,145,append ,H:/git/isdatadoku/MASTER///hume/soep-data/DATA2/SOEP-IS/BIP 2018 Datenlieferung/Netto/PB18_BIP.dta
0_partnerdata,176,save ,H:/git/isdatadoku/MASTER///hume/soep-data/DATA2/SOEP-IS/SOEP-IS 2018 Generierung HiWi/Data/helpdata/partner/is18lela.dta
0_partnerdata,181,use ,H:/git/isdatadoku/MASTER///hume/soep-data/DATA2/SOEP-IS/SOEP-IS 2018 Generierung HiWi/Data/helpdata/partner/is18lela.dta
0_partnerdata,184,save ,H:/git/isdatadoku/MASTER///hume/soep-data/DATA2/SOEP-IS/SOEP-IS 2018 Generierung HiWi/Data/helpdata/partner/is18lela_org.dta
0_partnerdata,190,use ,H:/git/isdatadoku/MASTER///hume/soep-data/DATA2/SOEP-IS/SOEP-IS 2017 Generierung HiWi/Data/finaldata/pgen/is_pgen_DE.dta
0_partnerdata,210,save ,H:/git/isdatadoku/MASTER///hume/soep-data/DATA2/SOEP-IS/SOEP-IS 2018 Generierung HiWi/Data/helpdata/partner/is17pgen.dta
1_variable_def,66,use ,H:/git/isdatadoku/MASTER///hume/soep-data/DATA2/SOEP-IS/SOEP-IS 2018 Generierung HiWi/Data/helpdata/partner/is17pgen.dta
1_variable_def,241,use ,H:/git/isdatadoku/MASTER///hume/soep-data/DATA2/SOEP-IS/SOEP-IS 2018 Generierung HiWi/Data/helpdata/partner/zpbrutto.dta
1_variable_def,250,save ,H:/git/isdatadoku/MASTER///hume/soep-data/DATA2/SOEP-IS/SOEP-IS 2018 Generierung HiWi/Data/helpdata/partner/out/zpbrutto.dta
1_variable_def,254,use ,H:/git/isdatadoku/MASTER///hume/soep-data/DATA2/SOEP-IS/SOEP-IS 2018 Generierung HiWi/Data/helpdata/partner/zp.dta
1_variable_def,262,save ,H:/git/isdatadoku/MASTER///hume/soep-data/DATA2/SOEP-IS/SOEP-IS 2018 Generierung HiWi/Data/helpdata/partner/out/zp.dta
1_variable_def,266,use ,H:/git/isdatadoku/MASTER///hume/soep-data/DATA2/SOEP-IS/SOEP-IS 2018 Generierung HiWi/Data/helpdata/partner/zlela.dta
1_variable_def,295,save ,H:/git/isdatadoku/MASTER///hume/soep-data/DATA2/SOEP-IS/SOEP-IS 2018 Generierung HiWi/Data/helpdata/partner/out/zlela.dta
1_variable_def,300,use ,H:/git/isdatadoku/MASTER///hume/soep-data/DATA2/SOEP-IS/SOEP-IS 2018 Generierung HiWi/Data/helpdata/partner/zpgen.dta
1_variable_def,313,save ,H:/git/isdatadoku/MASTER///hume/soep-data/DATA2/SOEP-IS/SOEP-IS 2018 Generierung HiWi/Data/helpdata/partner/out/zpgen.dta
1_variable_def,241,use ,H:/git/isdatadoku/MASTER///hume/soep-data/DATA2/SOEP-IS/SOEP-IS 2018 Generierung HiWi/Data/helpdata/partner/bapbrutto.dta
1_variable_def,250,save ,H:/git/isdatadoku/MASTER///hume/soep-data/DATA2/SOEP-IS/SOEP-IS 2018 Generierung HiWi/Data/helpdata/partner/out/bapbrutto.dta
1_variable_def,254,use ,H:/git/isdatadoku/MASTER///hume/soep-data/DATA2/SOEP-IS/SOEP-IS 2018 Generierung HiWi/Data/helpdata/partner/bap.dta
1_variable_def,262,save ,H:/git/isdatadoku/MASTER///hume/soep-data/DATA2/SOEP-IS/SOEP-IS 2018 Generierung HiWi/Data/helpdata/partner/out/bap.dta
1_variable_def,266,use ,H:/git/isdatadoku/MASTER///hume/soep-data/DATA2/SOEP-IS/SOEP-IS 2018 Generierung HiWi/Data/helpdata/partner/balela.dta
1_variable_def,295,save ,H:/git/isdatadoku/MASTER///hume/soep-data/DATA2/SOEP-IS/SOEP-IS 2018 Generierung HiWi/Data/helpdata/partner/out/balela.dta
1_variable_def,300,use ,H:/git/isdatadoku/MASTER///hume/soep-data/DATA2/SOEP-IS/SOEP-IS 2018 Generierung HiWi/Data/helpdata/partner/bapgen.dta
1_variable_def,313,save ,H:/git/isdatadoku/MASTER///hume/soep-data/DATA2/SOEP-IS/SOEP-IS 2018 Generierung HiWi/Data/helpdata/partner/out/bapgen.dta
1_variable_def,241,use ,H:/git/isdatadoku/MASTER///hume/soep-data/DATA2/SOEP-IS/SOEP-IS 2018 Generierung HiWi/Data/helpdata/partner/bbpbrutto.dta
1_variable_def,250,save ,H:/git/isdatadoku/MASTER///hume/soep-data/DATA2/SOEP-IS/SOEP-IS 2018 Generierung HiWi/Data/helpdata/partner/out/bbpbrutto.dta
1_variable_def,254,use ,H:/git/isdatadoku/MASTER///hume/soep-data/DATA2/SOEP-IS/SOEP-IS 2018 Generierung HiWi/Data/helpdata/partner/bbp.dta
1_variable_def,262,save ,H:/git/isdatadoku/MASTER///hume/soep-data/DATA2/SOEP-IS/SOEP-IS 2018 Generierung HiWi/Data/helpdata/partner/out/bbp.dta
1_variable_def,266,use ,H:/git/isdatadoku/MASTER///hume/soep-data/DATA2/SOEP-IS/SOEP-IS 2018 Generierung HiWi/Data/helpdata/partner/bblela.dta
1_variable_def,295,save ,H:/git/isdatadoku/MASTER///hume/soep-data/DATA2/SOEP-IS/SOEP-IS 2018 Generierung HiWi/Data/helpdata/partner/out/bblela.dta
1_variable_def,300,use ,H:/git/isdatadoku/MASTER///hume/soep-data/DATA2/SOEP-IS/SOEP-IS 2018 Generierung HiWi/Data/helpdata/partner/bbpgen.dta
1_variable_def,313,save ,H:/git/isdatadoku/MASTER///hume/soep-data/DATA2/SOEP-IS/SOEP-IS 2018 Generierung HiWi/Data/helpdata/partner/out/bbpgen.dta
1_variable_def,241,use ,H:/git/isdatadoku/MASTER///hume/soep-data/DATA2/SOEP-IS/SOEP-IS 2018 Generierung HiWi/Data/helpdata/partner/is11pbrutto.dta
1_variable_def,250,save ,H:/git/isdatadoku/MASTER///hume/soep-data/DATA2/SOEP-IS/SOEP-IS 2018 Generierung HiWi/Data/helpdata/partner/out/is11pbrutto.dta
1_variable_def,254,use ,H:/git/isdatadoku/MASTER///hume/soep-data/DATA2/SOEP-IS/SOEP-IS 2018 Generierung HiWi/Data/helpdata/partner/is11p.dta
1_variable_def,262,save ,H:/git/isdatadoku/MASTER///hume/soep-data/DATA2/SOEP-IS/SOEP-IS 2018 Generierung HiWi/Data/helpdata/partner/out/is11p.dta
1_variable_def,266,use ,H:/git/isdatadoku/MASTER///hume/soep-data/DATA2/SOEP-IS/SOEP-IS 2018 Generierung HiWi/Data/helpdata/partner/is11lela.dta
1_variable_def,295,save ,H:/git/isdatadoku/MASTER///hume/soep-data/DATA2/SOEP-IS/SOEP-IS 2018 Generierung HiWi/Data/helpdata/partner/out/is11lela.dta
1_variable_def,300,use ,H:/git/isdatadoku/MASTER///hume/soep-data/DATA2/SOEP-IS/SOEP-IS 2018 Generierung HiWi/Data/helpdata/partner/is11pgen.dta
1_variable_def,313,save ,H:/git/isdatadoku/MASTER///hume/soep-data/DATA2/SOEP-IS/SOEP-IS 2018 Generierung HiWi/Data/helpdata/partner/out/is11pgen.dta
1_variable_def,241,use ,H:/git/isdatadoku/MASTER///hume/soep-data/DATA2/SOEP-IS/SOEP-IS 2018 Generierung HiWi/Data/helpdata/partner/is12pbrutto.dta
1_variable_def,250,save ,H:/git/isdatadoku/MASTER///hume/soep-data/DATA2/SOEP-IS/SOEP-IS 2018 Generierung HiWi/Data/helpdata/partner/out/is12pbrutto.dta
1_variable_def,254,use ,H:/git/isdatadoku/MASTER///hume/soep-data/DATA2/SOEP-IS/SOEP-IS 2018 Generierung HiWi/Data/helpdata/partner/is12p.dta
1_variable_def,262,save ,H:/git/isdatadoku/MASTER///hume/soep-data/DATA2/SOEP-IS/SOEP-IS 2018 Generierung HiWi/Data/helpdata/partner/out/is12p.dta
1_variable_def,266,use ,H:/git/isdatadoku/MASTER///hume/soep-data/DATA2/SOEP-IS/SOEP-IS 2018 Generierung HiWi/Data/helpdata/partner/is12lela.dta
1_variable_def,295,save ,H:/git/isdatadoku/MASTER///hume/soep-data/DATA2/SOEP-IS/SOEP-IS 2018 Generierung HiWi/Data/helpdata/partner/out/is12lela.dta
1_variable_def,300,use ,H:/git/isdatadoku/MASTER///hume/soep-data/DATA2/SOEP-IS/SOEP-IS 2018 Generierung HiWi/Data/helpdata/partner/is12pgen.dta
1_variable_def,313,save ,H:/git/isdatadoku/MASTER///hume/soep-data/DATA2/SOEP-IS/SOEP-IS 2018 Generierung HiWi/Data/helpdata/partner/out/is12pgen.dta
1_variable_def,241,use ,H:/git/isdatadoku/MASTER///hume/soep-data/DATA2/SOEP-IS/SOEP-IS 2018 Generierung HiWi/Data/helpdata/partner/is13pbrutto.dta
1_variable_def,250,save ,H:/git/isdatadoku/MASTER///hume/soep-data/DATA2/SOEP-IS/SOEP-IS 2018 Generierung HiWi/Data/helpdata/partner/out/is13pbrutto.dta
1_variable_def,254,use ,H:/git/isdatadoku/MASTER///hume/soep-data/DATA2/SOEP-IS/SOEP-IS 2018 Generierung HiWi/Data/helpdata/partner/is13p.dta
1_variable_def,262,save ,H:/git/isdatadoku/MASTER///hume/soep-data/DATA2/SOEP-IS/SOEP-IS 2018 Generierung HiWi/Data/helpdata/partner/out/is13p.dta
1_variable_def,266,use ,H:/git/isdatadoku/MASTER///hume/soep-data/DATA2/SOEP-IS/SOEP-IS 2018 Generierung HiWi/Data/helpdata/partner/is13lela.dta
1_variable_def,295,save ,H:/git/isdatadoku/MASTER///hume/soep-data/DATA2/SOEP-IS/SOEP-IS 2018 Generierung HiWi/Data/helpdata/partner/out/is13lela.dta
1_variable_def,300,use ,H:/git/isdatadoku/MASTER///hume/soep-data/DATA2/SOEP-IS/SOEP-IS 2018 Generierung HiWi/Data/helpdata/partner/is13pgen.dta
1_variable_def,313,save ,H:/git/isdatadoku/MASTER///hume/soep-data/DATA2/SOEP-IS/SOEP-IS 2018 Generierung HiWi/Data/helpdata/partner/out/is13pgen.dta
1_variable_def,241,use ,H:/git/isdatadoku/MASTER///hume/soep-data/DATA2/SOEP-IS/SOEP-IS 2018 Generierung HiWi/Data/helpdata/partner/is14pbrutto.dta
1_variable_def,250,save ,H:/git/isdatadoku/MASTER///hume/soep-data/DATA2/SOEP-IS/SOEP-IS 2018 Generierung HiWi/Data/helpdata/partner/out/is14pbrutto.dta
1_variable_def,254,use ,H:/git/isdatadoku/MASTER///hume/soep-data/DATA2/SOEP-IS/SOEP-IS 2018 Generierung HiWi/Data/helpdata/partner/is14p.dta
1_variable_def,262,save ,H:/git/isdatadoku/MASTER///hume/soep-data/DATA2/SOEP-IS/SOEP-IS 2018 Generierung HiWi/Data/helpdata/partner/out/is14p.dta
1_variable_def,266,use ,H:/git/isdatadoku/MASTER///hume/soep-data/DATA2/SOEP-IS/SOEP-IS 2018 Generierung HiWi/Data/helpdata/partner/is14lela.dta
1_variable_def,295,save ,H:/git/isdatadoku/MASTER///hume/soep-data/DATA2/SOEP-IS/SOEP-IS 2018 Generierung HiWi/Data/helpdata/partner/out/is14lela.dta
1_variable_def,300,use ,H:/git/isdatadoku/MASTER///hume/soep-data/DATA2/SOEP-IS/SOEP-IS 2018 Generierung HiWi/Data/helpdata/partner/is14pgen.dta
1_variable_def,313,save ,H:/git/isdatadoku/MASTER///hume/soep-data/DATA2/SOEP-IS/SOEP-IS 2018 Generierung HiWi/Data/helpdata/partner/out/is14pgen.dta
1_variable_def,241,use ,H:/git/isdatadoku/MASTER///hume/soep-data/DATA2/SOEP-IS/SOEP-IS 2018 Generierung HiWi/Data/helpdata/partner/is15pbrutto.dta
1_variable_def,250,save ,H:/git/isdatadoku/MASTER///hume/soep-data/DATA2/SOEP-IS/SOEP-IS 2018 Generierung HiWi/Data/helpdata/partner/out/is15pbrutto.dta
1_variable_def,254,use ,H:/git/isdatadoku/MASTER///hume/soep-data/DATA2/SOEP-IS/SOEP-IS 2018 Generierung HiWi/Data/helpdata/partner/is15p.dta
1_variable_def,262,save ,H:/git/isdatadoku/MASTER///hume/soep-data/DATA2/SOEP-IS/SOEP-IS 2018 Generierung HiWi/Data/helpdata/partner/out/is15p.dta
1_variable_def,266,use ,H:/git/isdatadoku/MASTER///hume/soep-data/DATA2/SOEP-IS/SOEP-IS 2018 Generierung HiWi/Data/helpdata/partner/is15lela.dta
1_variable_def,295,save ,H:/git/isdatadoku/MASTER///hume/soep-data/DATA2/SOEP-IS/SOEP-IS 2018 Generierung HiWi/Data/helpdata/partner/out/is15lela.dta
1_variable_def,300,use ,H:/git/isdatadoku/MASTER///hume/soep-data/DATA2/SOEP-IS/SOEP-IS 2018 Generierung HiWi/Data/helpdata/partner/is15pgen.dta
1_variable_def,313,save ,H:/git/isdatadoku/MASTER///hume/soep-data/DATA2/SOEP-IS/SOEP-IS 2018 Generierung HiWi/Data/helpdata/partner/out/is15pgen.dta
1_variable_def,241,use ,H:/git/isdatadoku/MASTER///hume/soep-data/DATA2/SOEP-IS/SOEP-IS 2018 Generierung HiWi/Data/helpdata/partner/is16pbrutto.dta
1_variable_def,250,save ,H:/git/isdatadoku/MASTER///hume/soep-data/DATA2/SOEP-IS/SOEP-IS 2018 Generierung HiWi/Data/helpdata/partner/out/is16pbrutto.dta
1_variable_def,254,use ,H:/git/isdatadoku/MASTER///hume/soep-data/DATA2/SOEP-IS/SOEP-IS 2018 Generierung HiWi/Data/helpdata/partner/is16p.dta
1_variable_def,262,save ,H:/git/isdatadoku/MASTER///hume/soep-data/DATA2/SOEP-IS/SOEP-IS 2018 Generierung HiWi/Data/helpdata/partner/out/is16p.dta
1_variable_def,266,use ,H:/git/isdatadoku/MASTER///hume/soep-data/DATA2/SOEP-IS/SOEP-IS 2018 Generierung HiWi/Data/helpdata/partner/is16lela.dta
1_variable_def,295,save ,H:/git/isdatadoku/MASTER///hume/soep-data/DATA2/SOEP-IS/SOEP-IS 2018 Generierung HiWi/Data/helpdata/partner/out/is16lela.dta
1_variable_def,300,use ,H:/git/isdatadoku/MASTER///hume/soep-data/DATA2/SOEP-IS/SOEP-IS 2018 Generierung HiWi/Data/helpdata/partner/is16pgen.dta
1_variable_def,313,save ,H:/git/isdatadoku/MASTER///hume/soep-data/DATA2/SOEP-IS/SOEP-IS 2018 Generierung HiWi/Data/helpdata/partner/out/is16pgen.dta
1_variable_def,241,use ,H:/git/isdatadoku/MASTER///hume/soep-data/DATA2/SOEP-IS/SOEP-IS 2018 Generierung HiWi/Data/helpdata/partner/is17pbrutto.dta
1_variable_def,250,save ,H:/git/isdatadoku/MASTER///hume/soep-data/DATA2/SOEP-IS/SOEP-IS 2018 Generierung HiWi/Data/helpdata/partner/out/is17pbrutto.dta
1_variable_def,254,use ,H:/git/isdatadoku/MASTER///hume/soep-data/DATA2/SOEP-IS/SOEP-IS 2018 Generierung HiWi/Data/helpdata/partner/is17p.dta
1_variable_def,262,save ,H:/git/isdatadoku/MASTER///hume/soep-data/DATA2/SOEP-IS/SOEP-IS 2018 Generierung HiWi/Data/helpdata/partner/out/is17p.dta
1_variable_def,266,use ,H:/git/isdatadoku/MASTER///hume/soep-data/DATA2/SOEP-IS/SOEP-IS 2018 Generierung HiWi/Data/helpdata/partner/is17lela.dta
1_variable_def,295,save ,H:/git/isdatadoku/MASTER///hume/soep-data/DATA2/SOEP-IS/SOEP-IS 2018 Generierung HiWi/Data/helpdata/partner/out/is17lela.dta
1_variable_def,300,use ,H:/git/isdatadoku/MASTER///hume/soep-data/DATA2/SOEP-IS/SOEP-IS 2018 Generierung HiWi/Data/helpdata/partner/is17pgen.dta
1_variable_def,313,save ,H:/git/isdatadoku/MASTER///hume/soep-data/DATA2/SOEP-IS/SOEP-IS 2018 Generierung HiWi/Data/helpdata/partner/out/is17pgen.dta
1_variable_def,241,use ,H:/git/isdatadoku/MASTER///hume/soep-data/DATA2/SOEP-IS/SOEP-IS 2018 Generierung HiWi/Data/helpdata/partner/is18pbrutto.dta
1_variable_def,250,save ,H:/git/isdatadoku/MASTER///hume/soep-data/DATA2/SOEP-IS/SOEP-IS 2018 Generierung HiWi/Data/helpdata/partner/out/is18pbrutto.dta
1_variable_def,254,use ,H:/git/isdatadoku/MASTER///hume/soep-data/DATA2/SOEP-IS/SOEP-IS 2018 Generierung HiWi/Data/helpdata/partner/is18p.dta
1_variable_def,262,save ,H:/git/isdatadoku/MASTER///hume/soep-data/DATA2/SOEP-IS/SOEP-IS 2018 Generierung HiWi/Data/helpdata/partner/out/is18p.dta
1_variable_def,266,use ,H:/git/isdatadoku/MASTER///hume/soep-data/DATA2/SOEP-IS/SOEP-IS 2018 Generierung HiWi/Data/helpdata/partner/is18lela.dta
1_variable_def,295,save ,H:/git/isdatadoku/MASTER///hume/soep-data/DATA2/SOEP-IS/SOEP-IS 2018 Generierung HiWi/Data/helpdata/partner/out/is18lela.dta
1_variable_def,307,use ,H:/git/isdatadoku/MASTER///hume/soep-data/DATA2/SOEP-IS/SOEP-IS 2018 Generierung HiWi/Data/finaldata/DE/ppfad.dta
1_variable_def,313,save ,H:/git/isdatadoku/MASTER///hume/soep-data/DATA2/SOEP-IS/SOEP-IS 2018 Generierung HiWi/Data/helpdata/partner/out/is18pgen.dta
1_variable_def,328,use ,H:/git/isdatadoku/MASTER///hume/soep-data/DATA2/SOEP-IS/SOEP-IS 2018 Generierung HiWi/Data/finaldata/ppfad/ppfad2018.dta
1_variable_def,334,merge ,H:/git/isdatadoku/MASTER///hume/soep-data/DATA2/SOEP-IS/SOEP-IS 2018 Generierung HiWi/Data/helpdata/partner/out/zpbrutto.dta
1_variable_def,334,merge ,H:/git/isdatadoku/MASTER///hume/soep-data/DATA2/SOEP-IS/SOEP-IS 2018 Generierung HiWi/Data/helpdata/partner/out/zp.dta
1_variable_def,334,merge ,H:/git/isdatadoku/MASTER///hume/soep-data/DATA2/SOEP-IS/SOEP-IS 2018 Generierung HiWi/Data/helpdata/partner/out/zpgen.dta
1_variable_def,334,merge ,H:/git/isdatadoku/MASTER///hume/soep-data/DATA2/SOEP-IS/SOEP-IS 2018 Generierung HiWi/Data/helpdata/partner/out/zlela.dta
1_variable_def,334,merge ,H:/git/isdatadoku/MASTER///hume/soep-data/DATA2/SOEP-IS/SOEP-IS 2018 Generierung HiWi/Data/helpdata/partner/out/bapbrutto.dta
1_variable_def,334,merge ,H:/git/isdatadoku/MASTER///hume/soep-data/DATA2/SOEP-IS/SOEP-IS 2018 Generierung HiWi/Data/helpdata/partner/out/bap.dta
1_variable_def,334,merge ,H:/git/isdatadoku/MASTER///hume/soep-data/DATA2/SOEP-IS/SOEP-IS 2018 Generierung HiWi/Data/helpdata/partner/out/bapgen.dta
1_variable_def,334,merge ,H:/git/isdatadoku/MASTER///hume/soep-data/DATA2/SOEP-IS/SOEP-IS 2018 Generierung HiWi/Data/helpdata/partner/out/balela.dta
1_variable_def,334,merge ,H:/git/isdatadoku/MASTER///hume/soep-data/DATA2/SOEP-IS/SOEP-IS 2018 Generierung HiWi/Data/helpdata/partner/out/bbpbrutto.dta
1_variable_def,334,merge ,H:/git/isdatadoku/MASTER///hume/soep-data/DATA2/SOEP-IS/SOEP-IS 2018 Generierung HiWi/Data/helpdata/partner/out/bbp.dta
1_variable_def,334,merge ,H:/git/isdatadoku/MASTER///hume/soep-data/DATA2/SOEP-IS/SOEP-IS 2018 Generierung HiWi/Data/helpdata/partner/out/bbpgen.dta
1_variable_def,334,merge ,H:/git/isdatadoku/MASTER///hume/soep-data/DATA2/SOEP-IS/SOEP-IS 2018 Generierung HiWi/Data/helpdata/partner/out/bblela.dta
1_variable_def,334,merge ,H:/git/isdatadoku/MASTER///hume/soep-data/DATA2/SOEP-IS/SOEP-IS 2018 Generierung HiWi/Data/helpdata/partner/out/is11pbrutto.dta
1_variable_def,334,merge ,H:/git/isdatadoku/MASTER///hume/soep-data/DATA2/SOEP-IS/SOEP-IS 2018 Generierung HiWi/Data/helpdata/partner/out/is11p.dta
1_variable_def,334,merge ,H:/git/isdatadoku/MASTER///hume/soep-data/DATA2/SOEP-IS/SOEP-IS 2018 Generierung HiWi/Data/helpdata/partner/out/is11pgen.dta
1_variable_def,334,merge ,H:/git/isdatadoku/MASTER///hume/soep-data/DATA2/SOEP-IS/SOEP-IS 2018 Generierung HiWi/Data/helpdata/partner/out/is11lela.dta
1_variable_def,334,merge ,H:/git/isdatadoku/MASTER///hume/soep-data/DATA2/SOEP-IS/SOEP-IS 2018 Generierung HiWi/Data/helpdata/partner/out/is12pbrutto.dta
1_variable_def,334,merge ,H:/git/isdatadoku/MASTER///hume/soep-data/DATA2/SOEP-IS/SOEP-IS 2018 Generierung HiWi/Data/helpdata/partner/out/is12p.dta
1_variable_def,334,merge ,H:/git/isdatadoku/MASTER///hume/soep-data/DATA2/SOEP-IS/SOEP-IS 2018 Generierung HiWi/Data/helpdata/partner/out/is12pgen.dta
1_variable_def,334,merge ,H:/git/isdatadoku/MASTER///hume/soep-data/DATA2/SOEP-IS/SOEP-IS 2018 Generierung HiWi/Data/helpdata/partner/out/is12lela.dta
1_variable_def,334,merge ,H:/git/isdatadoku/MASTER///hume/soep-data/DATA2/SOEP-IS/SOEP-IS 2018 Generierung HiWi/Data/helpdata/partner/out/is13pbrutto.dta
1_variable_def,334,merge ,H:/git/isdatadoku/MASTER///hume/soep-data/DATA2/SOEP-IS/SOEP-IS 2018 Generierung HiWi/Data/helpdata/partner/out/is13p.dta
1_variable_def,334,merge ,H:/git/isdatadoku/MASTER///hume/soep-data/DATA2/SOEP-IS/SOEP-IS 2018 Generierung HiWi/Data/helpdata/partner/out/is13pgen.dta
1_variable_def,334,merge ,H:/git/isdatadoku/MASTER///hume/soep-data/DATA2/SOEP-IS/SOEP-IS 2018 Generierung HiWi/Data/helpdata/partner/out/is13lela.dta
1_variable_def,334,merge ,H:/git/isdatadoku/MASTER///hume/soep-data/DATA2/SOEP-IS/SOEP-IS 2018 Generierung HiWi/Data/helpdata/partner/out/is14pbrutto.dta
1_variable_def,334,merge ,H:/git/isdatadoku/MASTER///hume/soep-data/DATA2/SOEP-IS/SOEP-IS 2018 Generierung HiWi/Data/helpdata/partner/out/is14p.dta
1_variable_def,334,merge ,H:/git/isdatadoku/MASTER///hume/soep-data/DATA2/SOEP-IS/SOEP-IS 2018 Generierung HiWi/Data/helpdata/partner/out/is14pgen.dta
1_variable_def,334,merge ,H:/git/isdatadoku/MASTER///hume/soep-data/DATA2/SOEP-IS/SOEP-IS 2018 Generierung HiWi/Data/helpdata/partner/out/is14lela.dta
1_variable_def,334,merge ,H:/git/isdatadoku/MASTER///hume/soep-data/DATA2/SOEP-IS/SOEP-IS 2018 Generierung HiWi/Data/helpdata/partner/out/is15pbrutto.dta
1_variable_def,334,merge ,H:/git/isdatadoku/MASTER///hume/soep-data/DATA2/SOEP-IS/SOEP-IS 2018 Generierung HiWi/Data/helpdata/partner/out/is15p.dta
1_variable_def,334,merge ,H:/git/isdatadoku/MASTER///hume/soep-data/DATA2/SOEP-IS/SOEP-IS 2018 Generierung HiWi/Data/helpdata/partner/out/is15pgen.dta
1_variable_def,334,merge ,H:/git/isdatadoku/MASTER///hume/soep-data/DATA2/SOEP-IS/SOEP-IS 2018 Generierung HiWi/Data/helpdata/partner/out/is15lela.dta
1_variable_def,334,merge ,H:/git/isdatadoku/MASTER///hume/soep-data/DATA2/SOEP-IS/SOEP-IS 2018 Generierung HiWi/Data/helpdata/partner/out/is16pbrutto.dta
1_variable_def,334,merge ,H:/git/isdatadoku/MASTER///hume/soep-data/DATA2/SOEP-IS/SOEP-IS 2018 Generierung HiWi/Data/helpdata/partner/out/is16p.dta
1_variable_def,334,merge ,H:/git/isdatadoku/MASTER///hume/soep-data/DATA2/SOEP-IS/SOEP-IS 2018 Generierung HiWi/Data/helpdata/partner/out/is16pgen.dta
1_variable_def,334,merge ,H:/git/isdatadoku/MASTER///hume/soep-data/DATA2/SOEP-IS/SOEP-IS 2018 Generierung HiWi/Data/helpdata/partner/out/is16lela.dta
1_variable_def,334,merge ,H:/git/isdatadoku/MASTER///hume/soep-data/DATA2/SOEP-IS/SOEP-IS 2018 Generierung HiWi/Data/helpdata/partner/out/is17pbrutto.dta
1_variable_def,334,merge ,H:/git/isdatadoku/MASTER///hume/soep-data/DATA2/SOEP-IS/SOEP-IS 2018 Generierung HiWi/Data/helpdata/partner/out/is17p.dta
1_variable_def,334,merge ,H:/git/isdatadoku/MASTER///hume/soep-data/DATA2/SOEP-IS/SOEP-IS 2018 Generierung HiWi/Data/helpdata/partner/out/is17pgen.dta
1_variable_def,334,merge ,H:/git/isdatadoku/MASTER///hume/soep-data/DATA2/SOEP-IS/SOEP-IS 2018 Generierung HiWi/Data/helpdata/partner/out/is17lela.dta
1_variable_def,334,merge ,H:/git/isdatadoku/MASTER///hume/soep-data/DATA2/SOEP-IS/SOEP-IS 2018 Generierung HiWi/Data/helpdata/partner/out/is18pbrutto.dta
1_variable_def,334,merge ,H:/git/isdatadoku/MASTER///hume/soep-data/DATA2/SOEP-IS/SOEP-IS 2018 Generierung HiWi/Data/helpdata/partner/out/is18p.dta
1_variable_def,334,merge ,H:/git/isdatadoku/MASTER///hume/soep-data/DATA2/SOEP-IS/SOEP-IS 2018 Generierung HiWi/Data/helpdata/partner/out/is18pgen.dta
1_variable_def,334,merge ,H:/git/isdatadoku/MASTER///hume/soep-data/DATA2/SOEP-IS/SOEP-IS 2018 Generierung HiWi/Data/helpdata/partner/out/is18lela.dta
1_variable_def,347,merge ,H:/git/isdatadoku/MASTER///hume/soep-data/DATA2/SOEP-IS/SOEP-IS 2018 Generierung HiWi/Data/helpdata/partner/is18lela_org.dta
1_variable_def,349,save ,H:/git/isdatadoku/MASTER///hume/soep-data/DATA2/SOEP-IS/SOEP-IS 2018 Generierung HiWi/Data/helpdata/partner/out/partner_zw_step0.dta
2_partner_infos,40,use ,H:/git/isdatadoku/MASTER///hume/soep-data/DATA2/SOEP-IS/SOEP-IS 2018 Generierung HiWi/Data/helpdata/partner/out/partner_zw_step0.dta
2_partner_infos,113,save ,H:/git/isdatadoku/MASTER///hume/soep-data/DATA2/SOEP-IS/SOEP-IS 2018 Generierung HiWi/Data/helpdata/partner/out/partner_zw_step0_1.dta
2_partner_infos,124,use ,H:/git/isdatadoku/MASTER///hume/soep-data/DATA2/SOEP-IS/SOEP-IS 2018 Generierung HiWi/Data/helpdata/partner/out/partner_zw_step0_1.dta
2_partner_infos,156,save ,H:/git/isdatadoku/MASTER///hume/soep-data/DATA2/SOEP-IS/SOEP-IS 2018 Generierung HiWi/Data/helpdata/partner/out/partner_zw_step0_2.dta
2_partner_infos,180,use ,H:/git/isdatadoku/MASTER///hume/soep-data/DATA2/SOEP-IS/SOEP-IS 2018 Generierung HiWi/Data/helpdata/partner/out/partner_zw_step0_2.dta
2_partner_infos,216,save ,H:/git/isdatadoku/MASTER///hume/soep-data/DATA2/SOEP-IS/SOEP-IS 2018 Generierung HiWi/Data/helpdata/partner/out/partner_zw_step0_3.dta
2_partner_infos,227,use ,H:/git/isdatadoku/MASTER///hume/soep-data/DATA2/SOEP-IS/SOEP-IS 2018 Generierung HiWi/Data/helpdata/partner/out/partner_zw_step0_3.dta
2_partner_infos,253,save ,H:/git/isdatadoku/MASTER///hume/soep-data/DATA2/SOEP-IS/SOEP-IS 2018 Generierung HiWi/Data/helpdata/partner/out/partner_zw_step0_4.dta
2_partner_infos,260,use ,H:/git/isdatadoku/MASTER///hume/soep-data/DATA2/SOEP-IS/SOEP-IS 2018 Generierung HiWi/Data/helpdata/partner/out/partner_zw_step0_4.dta
2_partner_infos,382,save ,H:/git/isdatadoku/MASTER///hume/soep-data/DATA2/SOEP-IS/SOEP-IS 2018 Generierung HiWi/Data/helpdata/partner/out/partner_zw_step0_5.dta
2_partner_infos,386,use ,H:/git/isdatadoku/MASTER///hume/soep-data/DATA2/SOEP-IS/SOEP-IS 2018 Generierung HiWi/Data/helpdata/partner/out/partner_zw_step0_5.dta
2_partner_infos,449,save ,H:/git/isdatadoku/MASTER///hume/soep-data/DATA2/SOEP-IS/SOEP-IS 2018 Generierung HiWi/Data/helpdata/partner/out/partner_zw_step0_6.dta
2_partner_infos,453,use ,H:/git/isdatadoku/MASTER///hume/soep-data/DATA2/SOEP-IS/SOEP-IS 2018 Generierung HiWi/Data/helpdata/partner/out/partner_zw_step0_6.dta
2_partner_infos,537,save ,H:/git/isdatadoku/MASTER///hume/soep-data/DATA2/SOEP-IS/SOEP-IS 2018 Generierung HiWi/Data/helpdata/partner/out/partner_zw_step01_1.dta
3_compare_decide,5,use ,H:/git/isdatadoku/MASTER///hume/soep-data/DATA2/SOEP-IS/SOEP-IS 2018 Generierung HiWi/Data/helpdata/partner/out/partner_zw_step01_1.dta
3_compare_decide,18,merge ,S:/DATA2/SOEP-IS/SOEP-IS 2017 Generierung HiWi/Data/helpdata/partner/out/partner2017.dta
3_compare_decide,19,merge ,H:/git/isdatadoku/MASTER///hume/soep-data/DATA2/SOEP-IS/SOEP-IS 2018 Generierung HiWi/Data/helpdata/partner/is18p.dta
3_compare_decide,20,merge ,H:/git/isdatadoku/MASTER///hume/soep-data/DATA2/SOEP-IS/SOEP-IS 2018 Generierung HiWi/Data/helpdata/partner/is18pbrutto.dta
3_compare_decide,21,merge ,H:/git/isdatadoku/MASTER///hume/soep-data/DATA2/SOEP-IS/SOEP-IS 2018 Generierung HiWi/Data/helpdata/partner/is18lela.dta
3_compare_decide,46,save ,H:/git/isdatadoku/MASTER///hume/soep-data/DATA2/SOEP-IS/SOEP-IS 2018 Generierung HiWi/Data/helpdata/partner/out/checkfamst.dta
3_compare_decide,51,use ,H:/git/isdatadoku/MASTER///hume/soep-data/DATA2/SOEP-IS/SOEP-IS 2018 Generierung HiWi/Data/helpdata/partner/out/checkfamst.dta
3_compare_decide,83,save ,H:/git/isdatadoku/MASTER///hume/soep-data/DATA2/SOEP-IS/SOEP-IS 2018 Generierung HiWi/Data/helpdata/partner/out/partner_zw_step121.dta
3_compare_decide,85,use ,H:/git/isdatadoku/MASTER///hume/soep-data/DATA2/SOEP-IS/SOEP-IS 2018 Generierung HiWi/Data/helpdata/partner/out/partner_zw_step121.dta
3_compare_decide,110,save ,H:/git/isdatadoku/MASTER///hume/soep-data/DATA2/SOEP-IS/SOEP-IS 2018 Generierung HiWi/Data/helpdata/partner/out/partnrkomplett.dta
3_compare_decide,117,use ,H:/git/isdatadoku/MASTER///hume/soep-data/DATA2/SOEP-IS/SOEP-IS 2018 Generierung HiWi/Data/helpdata/partner/out/partnrkomplett.dta
3_compare_decide,152,save ,H:/git/isdatadoku/MASTER///hume/soep-data/DATA2/SOEP-IS/SOEP-IS 2018 Generierung HiWi/Data/helpdata/partner/out/partner_zw_step2.dta
3_compare_decide,156,use ,H:/git/isdatadoku/MASTER///hume/soep-data/DATA2/SOEP-IS/SOEP-IS 2018 Generierung HiWi/Data/helpdata/partner/out/partner_zw_step2.dta
3_compare_decide,195,save ,H:/git/isdatadoku/MASTER///hume/soep-data/DATA2/SOEP-IS/SOEP-IS 2018 Generierung HiWi/Data/helpdata/partner/out/partner_zw_step21.dta
3_compare_decide,199,use ,H:/git/isdatadoku/MASTER///hume/soep-data/DATA2/SOEP-IS/SOEP-IS 2018 Generierung HiWi/Data/helpdata/partner/out/partner_zw_step21.dta
3_compare_decide,245,save ,H:/git/isdatadoku/MASTER///hume/soep-data/DATA2/SOEP-IS/SOEP-IS 2018 Generierung HiWi/Data/helpdata/partner/out/partner_zw_step3.dta
3_compare_decide,249,use ,H:/git/isdatadoku/MASTER///hume/soep-data/DATA2/SOEP-IS/SOEP-IS 2018 Generierung HiWi/Data/helpdata/partner/out/partner_zw_step3.dta
3_compare_decide,313,save ,H:/git/isdatadoku/MASTER///hume/soep-data/DATA2/SOEP-IS/SOEP-IS 2018 Generierung HiWi/Data/helpdata/partner/out/partner_zw_step75.dta
3_compare_decide,317,use ,H:/git/isdatadoku/MASTER///hume/soep-data/DATA2/SOEP-IS/SOEP-IS 2018 Generierung HiWi/Data/helpdata/partner/out/partner_zw_step75.dta
3_compare_decide,362,save ,H:/git/isdatadoku/MASTER///hume/soep-data/DATA2/SOEP-IS/SOEP-IS 2018 Generierung HiWi/Data/helpdata/partner/out/partner_zw_step76.dta
3_compare_decide,366,use ,H:/git/isdatadoku/MASTER///hume/soep-data/DATA2/SOEP-IS/SOEP-IS 2018 Generierung HiWi/Data/helpdata/partner/out/partner_zw_step76.dta
3_compare_decide,413,save ,H:/git/isdatadoku/MASTER///hume/soep-data/DATA2/SOEP-IS/SOEP-IS 2018 Generierung HiWi/Data/helpdata/partner/out/partner_zw_step31.dta
3_compare_decide,418,use ,H:/git/isdatadoku/MASTER///hume/soep-data/DATA2/SOEP-IS/SOEP-IS 2018 Generierung HiWi/Data/helpdata/partner/out/partner_zw_step31.dta
3_compare_decide,462,save ,H:/git/isdatadoku/MASTER///hume/soep-data/DATA2/SOEP-IS/SOEP-IS 2018 Generierung HiWi/Data/helpdata/partner/out/partner_zw_step32.dta
3_compare_decide,467,use ,H:/git/isdatadoku/MASTER///hume/soep-data/DATA2/SOEP-IS/SOEP-IS 2018 Generierung HiWi/Data/helpdata/partner/out/partner_zw_step32.dta
3_compare_decide,476,save ,H:/git/isdatadoku/MASTER///hume/soep-data/DATA2/SOEP-IS/SOEP-IS 2018 Generierung HiWi/Data/helpdata/partner/out/partner_zw_step3_1.dta
3_compare_decide,482,use ,H:/git/isdatadoku/MASTER///hume/soep-data/DATA2/SOEP-IS/SOEP-IS 2018 Generierung HiWi/Data/helpdata/partner/out/partner_zw_step3_1.dta
3_compare_decide,502,use ,H:/git/isdatadoku/MASTER///hume/soep-data/DATA2/SOEP-IS/SOEP-IS 2018 Generierung HiWi/Data/helpdata/partner/out/partner_zw_step3_1.dta
3_compare_decide,543,save ,H:/git/isdatadoku/MASTER///hume/soep-data/DATA2/SOEP-IS/SOEP-IS 2018 Generierung HiWi/Data/helpdata/partner/out/partner_zw_step710.dta
3_compare_decide,551,use ,H:/git/isdatadoku/MASTER///hume/soep-data/DATA2/SOEP-IS/SOEP-IS 2018 Generierung HiWi/Data/helpdata/partner/out/partner_zw_step710.dta
3_compare_decide,608,save ,H:/git/isdatadoku/MASTER///hume/soep-data/DATA2/SOEP-IS/SOEP-IS 2018 Generierung HiWi/Data/helpdata/partner/out/partner_zw_step711.dta
3_compare_decide,612,use ,H:/git/isdatadoku/MASTER///hume/soep-data/DATA2/SOEP-IS/SOEP-IS 2018 Generierung HiWi/Data/helpdata/partner/out/partner_zw_step711.dta
3_compare_decide,673,save ,H:/git/isdatadoku/MASTER///hume/soep-data/DATA2/SOEP-IS/SOEP-IS 2018 Generierung HiWi/Data/helpdata/partner/out/partner_zw.dta
3_compare_decide,684,use ,H:/git/isdatadoku/MASTER///hume/soep-data/DATA2/SOEP-IS/SOEP-IS 2018 Generierung HiWi/Data/helpdata/partner/out/partner_zw.dta
3_compare_decide,698,use ,H:/git/isdatadoku/MASTER///hume/soep-data/DATA/soep-is.2012/soep-is.2012_de/stata/pgen.dta
3_compare_decide,700,save ,H:/git/isdatadoku/MASTER///hume/soep-data/DATA2/SOEP-IS/SOEP-IS 2018 Generierung HiWi/Data/helpdata/partner/help09pgen.dta
3_compare_decide,703,use ,H:/git/isdatadoku/MASTER///hume/soep-data/DATA2/SOEP-IS/SOEP-IS 2018 Generierung HiWi/Data/helpdata/partner/out/partner_zw.dta
3_compare_decide,706,merge ,H:/git/isdatadoku/MASTER///hume/soep-data/DATA2/SOEP-IS/SOEP-IS 2018 Generierung HiWi/Data/helpdata/partner/help09pgen.dta
3_compare_decide,710,merge ,H:/git/isdatadoku/MASTER///hume/soep-data/DATA2/SOEP-IS/SOEP-IS 2018 Generierung HiWi/Data/helpdata/partner/zpgen.dta
3_compare_decide,723,merge ,H:/git/isdatadoku/MASTER///hume/soep-data/DATA2/SOEP-IS/SOEP-IS 2018 Generierung HiWi/Data/helpdata/partner/zp.dta
3_compare_decide,698,use ,H:/git/isdatadoku/MASTER///hume/soep-data/DATA/soep-is.2012/soep-is.2012_de/stata/pgen.dta
3_compare_decide,700,save ,H:/git/isdatadoku/MASTER///hume/soep-data/DATA2/SOEP-IS/SOEP-IS 2018 Generierung HiWi/Data/helpdata/partner/help10pgen.dta
3_compare_decide,703,use ,H:/git/isdatadoku/MASTER///hume/soep-data/DATA2/SOEP-IS/SOEP-IS 2018 Generierung HiWi/Data/helpdata/partner/out/partner_zw.dta
3_compare_decide,706,merge ,H:/git/isdatadoku/MASTER///hume/soep-data/DATA2/SOEP-IS/SOEP-IS 2018 Generierung HiWi/Data/helpdata/partner/help10pgen.dta
3_compare_decide,710,merge ,H:/git/isdatadoku/MASTER///hume/soep-data/DATA2/SOEP-IS/SOEP-IS 2018 Generierung HiWi/Data/helpdata/partner/bapgen.dta
3_compare_decide,723,merge ,H:/git/isdatadoku/MASTER///hume/soep-data/DATA2/SOEP-IS/SOEP-IS 2018 Generierung HiWi/Data/helpdata/partner/bap.dta
3_compare_decide,698,use ,H:/git/isdatadoku/MASTER///hume/soep-data/DATA/soep-is.2012/soep-is.2012_de/stata/pgen.dta
3_compare_decide,700,save ,H:/git/isdatadoku/MASTER///hume/soep-data/DATA2/SOEP-IS/SOEP-IS 2018 Generierung HiWi/Data/helpdata/partner/help11pgen.dta
3_compare_decide,703,use ,H:/git/isdatadoku/MASTER///hume/soep-data/DATA2/SOEP-IS/SOEP-IS 2018 Generierung HiWi/Data/helpdata/partner/out/partner_zw.dta
3_compare_decide,706,merge ,H:/git/isdatadoku/MASTER///hume/soep-data/DATA2/SOEP-IS/SOEP-IS 2018 Generierung HiWi/Data/helpdata/partner/help11pgen.dta
3_compare_decide,710,merge ,H:/git/isdatadoku/MASTER///hume/soep-data/DATA2/SOEP-IS/SOEP-IS 2018 Generierung HiWi/Data/helpdata/partner/bbpgen.dta
3_compare_decide,723,merge ,H:/git/isdatadoku/MASTER///hume/soep-data/DATA2/SOEP-IS/SOEP-IS 2018 Generierung HiWi/Data/helpdata/partner/bbp.dta
3_compare_decide,698,use ,H:/git/isdatadoku/MASTER///hume/soep-data/DATA/soep-is.2012/soep-is.2012_de/stata/pgen.dta
3_compare_decide,700,save ,H:/git/isdatadoku/MASTER///hume/soep-data/DATA2/SOEP-IS/SOEP-IS 2018 Generierung HiWi/Data/helpdata/partner/help11pgen.dta
3_compare_decide,703,use ,H:/git/isdatadoku/MASTER///hume/soep-data/DATA2/SOEP-IS/SOEP-IS 2018 Generierung HiWi/Data/helpdata/partner/out/partner_zw.dta
3_compare_decide,706,merge ,H:/git/isdatadoku/MASTER///hume/soep-data/DATA2/SOEP-IS/SOEP-IS 2018 Generierung HiWi/Data/helpdata/partner/help11pgen.dta
3_compare_decide,710,merge ,H:/git/isdatadoku/MASTER///hume/soep-data/DATA2/SOEP-IS/SOEP-IS 2018 Generierung HiWi/Data/helpdata/partner/is11pgen.dta
3_compare_decide,723,merge ,H:/git/isdatadoku/MASTER///hume/soep-data/DATA2/SOEP-IS/SOEP-IS 2018 Generierung HiWi/Data/helpdata/partner/is11p.dta
3_compare_decide,698,use ,H:/git/isdatadoku/MASTER///hume/soep-data/DATA/soep-is.2012/soep-is.2012_de/stata/pgen.dta
3_compare_decide,700,save ,H:/git/isdatadoku/MASTER///hume/soep-data/DATA2/SOEP-IS/SOEP-IS 2018 Generierung HiWi/Data/helpdata/partner/help12pgen.dta
3_compare_decide,703,use ,H:/git/isdatadoku/MASTER///hume/soep-data/DATA2/SOEP-IS/SOEP-IS 2018 Generierung HiWi/Data/helpdata/partner/out/partner_zw.dta
3_compare_decide,706,merge ,H:/git/isdatadoku/MASTER///hume/soep-data/DATA2/SOEP-IS/SOEP-IS 2018 Generierung HiWi/Data/helpdata/partner/help12pgen.dta
3_compare_decide,717,merge ,H:/git/isdatadoku/MASTER///hume/soep-data/DATA2/SOEP-IS/SOEP-IS 2018 Generierung HiWi/Data/helpdata/partner/is12pgen.dta
3_compare_decide,723,merge ,H:/git/isdatadoku/MASTER///hume/soep-data/DATA2/SOEP-IS/SOEP-IS 2018 Generierung HiWi/Data/helpdata/partner/is12p.dta
3_compare_decide,761,use ,H:/git/isdatadoku/MASTER///hume/soep-data/DATA2/SOEP-IS/SOEP-IS 2018 Generierung HiWi/Data/helpdata/partner/out/partner_zw.dta
3_compare_decide,764,merge ,H:/git/isdatadoku/MASTER///hume/soep-data/DATA2/SOEP-IS/SOEP-IS 2018 Generierung HiWi/Data/helpdata/partner/is12pgen.dta
3_compare_decide,765,merge ,H:/git/isdatadoku/MASTER///hume/soep-data/DATA2/SOEP-IS/SOEP-IS 2018 Generierung HiWi/Data/helpdata/partner/is12pbrutto.dta
3_compare_decide,761,use ,H:/git/isdatadoku/MASTER///hume/soep-data/DATA2/SOEP-IS/SOEP-IS 2018 Generierung HiWi/Data/helpdata/partner/out/partner_zw.dta
3_compare_decide,764,merge ,H:/git/isdatadoku/MASTER///hume/soep-data/DATA2/SOEP-IS/SOEP-IS 2018 Generierung HiWi/Data/helpdata/partner/is13pgen.dta
3_compare_decide,765,merge ,H:/git/isdatadoku/MASTER///hume/soep-data/DATA2/SOEP-IS/SOEP-IS 2018 Generierung HiWi/Data/helpdata/partner/is13pbrutto.dta
3_compare_decide,793,merge ,S:/DATA2/SOEP-IS/SOEP-IS 2013 Generierung HiWi/Data/finaldata/ppfad/ppfad2013.dta
3_compare_decide,802,merge ,H:/git/isdatadoku/MASTER///hume/soep-data/DATA2/SOEP-IS/SOEP-IS 2018 Generierung HiWi/Data/helpdata/partner/is13p.dta
3_compare_decide,803,merge ,H:/git/isdatadoku/MASTER///hume/soep-data/DATA2/SOEP-IS/SOEP-IS 2018 Generierung HiWi/Data/helpdata/partner/is13pbrutto.dta
3_compare_decide,761,use ,H:/git/isdatadoku/MASTER///hume/soep-data/DATA2/SOEP-IS/SOEP-IS 2018 Generierung HiWi/Data/helpdata/partner/out/partner_zw.dta
3_compare_decide,764,merge ,H:/git/isdatadoku/MASTER///hume/soep-data/DATA2/SOEP-IS/SOEP-IS 2018 Generierung HiWi/Data/helpdata/partner/is13pgen.dta
3_compare_decide,765,merge ,H:/git/isdatadoku/MASTER///hume/soep-data/DATA2/SOEP-IS/SOEP-IS 2018 Generierung HiWi/Data/helpdata/partner/is13pbrutto.dta
3_compare_decide,761,use ,H:/git/isdatadoku/MASTER///hume/soep-data/DATA2/SOEP-IS/SOEP-IS 2018 Generierung HiWi/Data/helpdata/partner/out/partner_zw.dta
3_compare_decide,764,merge ,H:/git/isdatadoku/MASTER///hume/soep-data/DATA2/SOEP-IS/SOEP-IS 2018 Generierung HiWi/Data/helpdata/partner/is14pgen.dta
3_compare_decide,765,merge ,H:/git/isdatadoku/MASTER///hume/soep-data/DATA2/SOEP-IS/SOEP-IS 2018 Generierung HiWi/Data/helpdata/partner/is14pbrutto.dta
3_compare_decide,793,merge ,S:/DATA2/SOEP-IS/SOEP-IS 2014 Generierung HiWi/Data/finaldata/ppfad/ppfad2014.dta
3_compare_decide,802,merge ,H:/git/isdatadoku/MASTER///hume/soep-data/DATA2/SOEP-IS/SOEP-IS 2018 Generierung HiWi/Data/helpdata/partner/is14p.dta
3_compare_decide,803,merge ,H:/git/isdatadoku/MASTER///hume/soep-data/DATA2/SOEP-IS/SOEP-IS 2018 Generierung HiWi/Data/helpdata/partner/is14pbrutto.dta
3_compare_decide,761,use ,H:/git/isdatadoku/MASTER///hume/soep-data/DATA2/SOEP-IS/SOEP-IS 2018 Generierung HiWi/Data/helpdata/partner/out/partner_zw.dta
3_compare_decide,764,merge ,H:/git/isdatadoku/MASTER///hume/soep-data/DATA2/SOEP-IS/SOEP-IS 2018 Generierung HiWi/Data/helpdata/partner/is14pgen.dta
3_compare_decide,765,merge ,H:/git/isdatadoku/MASTER///hume/soep-data/DATA2/SOEP-IS/SOEP-IS 2018 Generierung HiWi/Data/helpdata/partner/is14pbrutto.dta
3_compare_decide,761,use ,H:/git/isdatadoku/MASTER///hume/soep-data/DATA2/SOEP-IS/SOEP-IS 2018 Generierung HiWi/Data/helpdata/partner/out/partner_zw.dta
3_compare_decide,764,merge ,H:/git/isdatadoku/MASTER///hume/soep-data/DATA2/SOEP-IS/SOEP-IS 2018 Generierung HiWi/Data/helpdata/partner/is15pgen.dta
3_compare_decide,765,merge ,H:/git/isdatadoku/MASTER///hume/soep-data/DATA2/SOEP-IS/SOEP-IS 2018 Generierung HiWi/Data/helpdata/partner/is15pbrutto.dta
3_compare_decide,793,merge ,S:/DATA2/SOEP-IS/SOEP-IS 2015 Generierung HiWi/Data/finaldata/ppfad/ppfad2015.dta
3_compare_decide,802,merge ,H:/git/isdatadoku/MASTER///hume/soep-data/DATA2/SOEP-IS/SOEP-IS 2018 Generierung HiWi/Data/helpdata/partner/is15p.dta
3_compare_decide,803,merge ,H:/git/isdatadoku/MASTER///hume/soep-data/DATA2/SOEP-IS/SOEP-IS 2018 Generierung HiWi/Data/helpdata/partner/is15pbrutto.dta
3_compare_decide,761,use ,H:/git/isdatadoku/MASTER///hume/soep-data/DATA2/SOEP-IS/SOEP-IS 2018 Generierung HiWi/Data/helpdata/partner/out/partner_zw.dta
3_compare_decide,764,merge ,H:/git/isdatadoku/MASTER///hume/soep-data/DATA2/SOEP-IS/SOEP-IS 2018 Generierung HiWi/Data/helpdata/partner/is15pgen.dta
3_compare_decide,765,merge ,H:/git/isdatadoku/MASTER///hume/soep-data/DATA2/SOEP-IS/SOEP-IS 2018 Generierung HiWi/Data/helpdata/partner/is15pbrutto.dta
3_compare_decide,761,use ,H:/git/isdatadoku/MASTER///hume/soep-data/DATA2/SOEP-IS/SOEP-IS 2018 Generierung HiWi/Data/helpdata/partner/out/partner_zw.dta
3_compare_decide,764,merge ,H:/git/isdatadoku/MASTER///hume/soep-data/DATA2/SOEP-IS/SOEP-IS 2018 Generierung HiWi/Data/helpdata/partner/is16pgen.dta
3_compare_decide,765,merge ,H:/git/isdatadoku/MASTER///hume/soep-data/DATA2/SOEP-IS/SOEP-IS 2018 Generierung HiWi/Data/helpdata/partner/is16pbrutto.dta
3_compare_decide,793,merge ,S:/DATA2/SOEP-IS/SOEP-IS 2016 Generierung HiWi/Data/finaldata/ppfad/ppfad2016.dta
3_compare_decide,802,merge ,H:/git/isdatadoku/MASTER///hume/soep-data/DATA2/SOEP-IS/SOEP-IS 2018 Generierung HiWi/Data/helpdata/partner/is16p.dta
3_compare_decide,803,merge ,H:/git/isdatadoku/MASTER///hume/soep-data/DATA2/SOEP-IS/SOEP-IS 2018 Generierung HiWi/Data/helpdata/partner/is16pbrutto.dta
3_compare_decide,761,use ,H:/git/isdatadoku/MASTER///hume/soep-data/DATA2/SOEP-IS/SOEP-IS 2018 Generierung HiWi/Data/helpdata/partner/out/partner_zw.dta
3_compare_decide,764,merge ,H:/git/isdatadoku/MASTER///hume/soep-data/DATA2/SOEP-IS/SOEP-IS 2018 Generierung HiWi/Data/helpdata/partner/is16pgen.dta
3_compare_decide,765,merge ,H:/git/isdatadoku/MASTER///hume/soep-data/DATA2/SOEP-IS/SOEP-IS 2018 Generierung HiWi/Data/helpdata/partner/is16pbrutto.dta
3_compare_decide,761,use ,H:/git/isdatadoku/MASTER///hume/soep-data/DATA2/SOEP-IS/SOEP-IS 2018 Generierung HiWi/Data/helpdata/partner/out/partner_zw.dta
3_compare_decide,764,merge ,H:/git/isdatadoku/MASTER///hume/soep-data/DATA2/SOEP-IS/SOEP-IS 2018 Generierung HiWi/Data/helpdata/partner/is17pgen.dta
3_compare_decide,765,merge ,H:/git/isdatadoku/MASTER///hume/soep-data/DATA2/SOEP-IS/SOEP-IS 2018 Generierung HiWi/Data/helpdata/partner/is17pbrutto.dta
3_compare_decide,793,merge ,S:/DATA2/SOEP-IS/SOEP-IS 2017 Generierung HiWi/Data/finaldata/ppfad/ppfad2017.dta
3_compare_decide,802,merge ,H:/git/isdatadoku/MASTER///hume/soep-data/DATA2/SOEP-IS/SOEP-IS 2018 Generierung HiWi/Data/helpdata/partner/is17p.dta
3_compare_decide,803,merge ,H:/git/isdatadoku/MASTER///hume/soep-data/DATA2/SOEP-IS/SOEP-IS 2018 Generierung HiWi/Data/helpdata/partner/is17pbrutto.dta
3_compare_decide,761,use ,H:/git/isdatadoku/MASTER///hume/soep-data/DATA2/SOEP-IS/SOEP-IS 2018 Generierung HiWi/Data/helpdata/partner/out/partner_zw.dta
3_compare_decide,764,merge ,H:/git/isdatadoku/MASTER///hume/soep-data/DATA2/SOEP-IS/SOEP-IS 2018 Generierung HiWi/Data/helpdata/partner/is17pgen.dta
3_compare_decide,765,merge ,H:/git/isdatadoku/MASTER///hume/soep-data/DATA2/SOEP-IS/SOEP-IS 2018 Generierung HiWi/Data/helpdata/partner/is17pbrutto.dta
3_compare_decide,793,merge ,S:/DATA2/SOEP-IS/SOEP-IS 2018 Generierung HiWi/Data/finaldata/ppfad/ppfad2018.dta
3_compare_decide,802,merge ,H:/git/isdatadoku/MASTER///hume/soep-data/DATA2/SOEP-IS/SOEP-IS 2018 Generierung HiWi/Data/helpdata/partner/is18p.dta
3_compare_decide,803,merge ,H:/git/isdatadoku/MASTER///hume/soep-data/DATA2/SOEP-IS/SOEP-IS 2018 Generierung HiWi/Data/helpdata/partner/is18pbrutto.dta
3_compare_decide,827,use ,H:/git/isdatadoku/MASTER///hume/soep-data/DATA2/SOEP-IS/SOEP-IS 2018 Generierung HiWi/Data/helpdata/partner/out/partner_zw.dta
3_compare_decide,839,save ,H:/git/isdatadoku/MASTER///hume/soep-data/DATA2/SOEP-IS/SOEP-IS 2018 Generierung HiWi/Data/helpdata/partner/out/partner_zw2.dta
3_compare_decide,842,save ,H:/git/isdatadoku/MASTER///hume/soep-data/DATA2/SOEP-IS/SOEP-IS 2018 Generierung HiWi/Data/helpdata/partner/out/partner2018.dta
3_compare_decide,846,use ,H:/git/isdatadoku/MASTER///hume/soep-data/DATA2/SOEP-IS/SOEP-IS 2018 Generierung HiWi/Data/helpdata/partner/out/partner_zw2.dta
3_compare_decide,880,save ,H:/git/isdatadoku/MASTER///hume/soep-data/DATA2/SOEP-IS/SOEP-IS 2018 Generierung HiWi/Data/helpdata/partner/out/partnrkomplett.dta
3_compare_decide,885,saveold ,H:/git/isdatadoku/MASTER///hume/soep-data/DATA2/SOEP-IS/SOEP-IS 2018 Generierung HiWi/Data/helpdata/partner/out/partnr.dta
3_compare_decide,895,save ,H:/git/isdatadoku/MASTER///hume/soep-data/DATA2/SOEP-IS/SOEP-IS 2018 Generierung HiWi/Data/helpdata/partner/out/partnr.dta
3_compare_decide,898,save ,H:/git/isdatadoku/MASTER///hume/soep-data/DATA2/SOEP-IS/SOEP-IS 2018 Generierung HiWi/Data/finaldata/partner/partnr.dta
3_compare_decide,899,save ,H:/git/isdatadoku/MASTER///hume/soep-data/DATA2/SOEP-IS/SOEP-IS 2018 Generierung HiWi/Data/helpdata/partner/partnr_miteltern_1.dta
