0_biobirth_basis,27,use ,H:/git/isdatadoku/MASTER///hume/soep-data/DATA2/SOEP-IS/SOEP-IS 2018 Generierung HiWi/Data/finaldata/bioage/bioagel_2018.dta
0_biobirth_basis,30,save ,H:/git/isdatadoku/MASTER///hume/soep-data/DATA2/SOEP-IS/SOEP-IS 2018 Generierung HiWi/Data/helpdata/biobirth/bioage201.dta
0_biobirth_basis,60,use ,H:/git/isdatadoku/MASTER///hume/soep-data/DATA2/SOEP-IS/SOEP-IS data 2018 W10 Rohdaten/Netto/Inno18F_PE.dta
0_biobirth_basis,68,append ,H:/git/isdatadoku/MASTER///hume/soep-data/DATA2/SOEP-IS/BIP 2018 Datenlieferung/Netto/PB18_BIP.dta
0_biobirth_basis,73,save ,H:/git/isdatadoku/MASTER///hume/soep-data/DATA2/SOEP-IS/SOEP-IS 2018 Generierung HiWi/Data/helpdata/biobirth/lela2018.dta
0_biobirth_basis,156,use ,H:/git/isdatadoku/MASTER///hume/soep-data/DATA2/SOEP-IS/SOEP-IS data 2018 W10 Rohdaten/Netto/Inno18F_PE.dta
0_biobirth_basis,160,append ,H:/git/isdatadoku/MASTER///hume/soep-data/DATA2/SOEP-IS/BIP 2018 Datenlieferung/Netto/PB18_BIP.dta
0_biobirth_basis,167,merge ,S:/DATA2/SOEP-IS/SOEP-IS 2018 Generierung HiWi/Data/finaldata/kind/kindanzeiger.dta
0_biobirth_basis,182,use ,H:/git/isdatadoku/MASTER///hume/soep-data/DATA2/SOEP-IS/SOEP-IS data 2018 W10 Rohdaten/Netto/Inno18F_PE.dta
0_biobirth_basis,186,append ,H:/git/isdatadoku/MASTER///hume/soep-data/DATA2/SOEP-IS/BIP 2018 Datenlieferung/Netto/PB18_BIP.dta
0_biobirth_basis,192,merge ,S:/DATA2/SOEP-IS/SOEP-IS 2018 Generierung HiWi/Data/finaldata/kind/kindanzeiger.dta
0_biobirth_basis,200,merge ,S:/DATA2/SOEP-IS/SOEP-IS 2018 Generierung HiWi/Data/finaldata/partner/partnr.dta
0_biobirth_basis,243,use ,H:/git/isdatadoku/MASTER///hume/soep-data/DATA2/SOEP-IS/SOEP-IS data 2018 W10 Rohdaten/Brutto/pbru_2018.dta
0_biobirth_basis,245,append ,H:/git/isdatadoku/MASTER///hume/soep-data/DATA2/SOEP-IS/BIP 2018 Datenlieferung/Brutto/pbru_2018_BIP.dta
0_biobirth_basis,260,save ,H:/git/isdatadoku/MASTER///hume/soep-data/DATA2/SOEP-IS/SOEP-IS 2018 Generierung HiWi/Data/helpdata/biobirth/pbrutto_biobirth.dta
0_biobirth_basis,263,use ,H:/git/isdatadoku/MASTER///hume/soep-data/DATA2/SOEP-IS/SOEP-IS 2018 Generierung HiWi/Data/helpdata/biobirth/pbrutto_biobirth.dta
0_biobirth_basis,365,save ,H:/git/isdatadoku/MASTER///hume/soep-data/DATA2/SOEP-IS/SOEP-IS 2018 Generierung HiWi/Data/helpdata/biobirth/kids_inhouse.dta
0_biobirth_basis,371,use ,H:/git/isdatadoku/MASTER///hume/soep-data/DATA2/SOEP-IS/SOEP-IS 2018 Generierung HiWi/Data/helpdata/biobirth/pbrutto_biobirth.dta
0_biobirth_basis,377,merge ,S:/DATA2/SOEP-IS/SOEP-IS 2018 Generierung HiWi/Data/finaldata/pgen/IS18_pgen_1.dta
0_biobirth_basis,391,merge ,H:/git/isdatadoku/MASTER///hume/soep-data/DATA2/SOEP-IS/SOEP-IS 2018 Generierung HiWi/Data/finaldata/DE/ppfad.dta
0_biobirth_basis,450,save ,H:/git/isdatadoku/MASTER///hume/soep-data/DATA2/SOEP-IS/SOEP-IS 2018 Generierung HiWi/Data/helpdata/biobirth/pbrutto_hv_all.dta
0_biobirth_basis,452,use ,H:/git/isdatadoku/MASTER///hume/soep-data/DATA2/SOEP-IS/SOEP-IS 2018 Generierung HiWi/Data/helpdata/biobirth/pbrutto_hv_all.dta
0_biobirth_basis,455,merge ,H:/git/isdatadoku/MASTER///hume/soep-data/DATA2/SOEP-IS/SOEP-IS 2018 Generierung HiWi/Data/helpdata/biobirth/kids_inhouse.dta
0_biobirth_basis,457,merge ,H:/git/isdatadoku/MASTER///hume/soep-data/DATA2/SOEP-IS/SOEP-IS 2018 Generierung HiWi/Data/helpdata/biobirth/bioage201.dta
0_biobirth_basis,534,use ,H:/git/isdatadoku/MASTER///hume/soep-data/DATA2/SOEP-IS/SOEP-IS 2018 Generierung HiWi/Data/helpdata/biobirth/kids_inhouse.dta
0_biobirth_basis,535,merge ,H:/git/isdatadoku/MASTER///hume/soep-data/DATA2/SOEP-IS/SOEP-IS 2018 Generierung HiWi/Data/helpdata/biobirth/bioage201.dta
0_biobirth_basis,616,save ,H:/git/isdatadoku/MASTER///hume/soep-data/DATA2/SOEP-IS/SOEP-IS 2018 Generierung HiWi/Data/helpdata/biobirth/kids_all1.dta
0_biobirth_basis,618,use ,H:/git/isdatadoku/MASTER///hume/soep-data/DATA2/SOEP-IS/SOEP-IS 2018 Generierung HiWi/Data/helpdata/biobirth/kids_all1.dta
0_biobirth_basis,624,save ,H:/git/isdatadoku/MASTER///hume/soep-data/DATA2/SOEP-IS/SOEP-IS 2018 Generierung HiWi/Data/helpdata/biobirth/kids_all2.dta
0_biobirth_basis,626,use ,H:/git/isdatadoku/MASTER///hume/soep-data/DATA2/SOEP-IS/SOEP-IS 2018 Generierung HiWi/Data/helpdata/biobirth/kids_all2.dta
0_biobirth_basis,627,merge ,H:/git/isdatadoku/MASTER///hume/soep-data/DATA2/SOEP-IS/SOEP-IS 2018 Generierung HiWi/Data/helpdata/biobirth/kids_all1.dta
0_biobirth_basis,635,save ,H:/git/isdatadoku/MASTER///hume/soep-data/DATA2/SOEP-IS/SOEP-IS 2018 Generierung HiWi/Data/helpdata/biobirth/kids_all2018.dta
0_biobirth_basis,639,use ,H:/git/isdatadoku/MASTER///hume/soep-data/DATA2/SOEP-IS/SOEP-IS 2018 Generierung HiWi/Data/helpdata/biobirth/pbrutto_hv_all.dta
0_biobirth_basis,642,merge ,H:/git/isdatadoku/MASTER///hume/soep-data/DATA2/SOEP-IS/SOEP-IS 2018 Generierung HiWi/Data/helpdata/biobirth/kids_all2018.dta
0_biobirth_basis,655,save ,H:/git/isdatadoku/MASTER///hume/soep-data/DATA2/SOEP-IS/SOEP-IS 2018 Generierung HiWi/Data/helpdata/biobirth/kids_parents.dta
0_biobirth_basis,671,use ,H:/git/isdatadoku/MASTER///hume/soep-data/DATA2/SOEP-IS/SOEP-IS 2018 Generierung HiWi/Data/helpdata/biobirth/kids_parents.dta
0_biobirth_basis,677,save ,H:/git/isdatadoku/MASTER///hume/soep-data/DATA2/SOEP-IS/SOEP-IS 2018 Generierung HiWi/Data/helpdata/biobirth/kids_mom.dta
0_biobirth_basis,679,use ,H:/git/isdatadoku/MASTER///hume/soep-data/DATA2/SOEP-IS/SOEP-IS 2018 Generierung HiWi/Data/helpdata/biobirth/kids_parents.dta
0_biobirth_basis,686,save ,H:/git/isdatadoku/MASTER///hume/soep-data/DATA2/SOEP-IS/SOEP-IS 2018 Generierung HiWi/Data/helpdata/biobirth/kids_dad.dta
1a_biobirth,69,use ,H:/git/isdatadoku/MASTER///hume/soep-data/DATA2/SOEP-IS/SOEP-IS 2018 Generierung HiWi/Data/helpdata/biobirth/lela2018.dta
1a_biobirth,70,merge ,H:/git/isdatadoku/MASTER///hume/soep-data/DATA2/SOEP-IS/SOEP-IS 2018 Generierung HiWi/Data/helpdata/biobirth/pbrutto_biobirth.dta
1a_biobirth,102,use ,H:/git/isdatadoku/MASTER///hume/soep-data/DATA2/SOEP-IS/SOEP-IS 2018 Generierung HiWi/Data/helpdata/biobirth/pbrutto_biobirth.dta
1a_biobirth,116,save ,H:/git/isdatadoku/MASTER///hume/soep-data/DATA2/SOEP-IS/SOEP-IS 2018 Generierung HiWi/Data/helpdata/biobirth/kids_all.dta
1a_biobirth,120,use ,H:/git/isdatadoku/MASTER///hume/soep-data/DATA2/SOEP-IS/SOEP-IS 2018 Generierung HiWi/Data/helpdata/biobirth/kids_all.dta
1a_biobirth,121,merge ,H:/git/isdatadoku/MASTER///hume/soep-data/DATA2/SOEP-IS/SOEP-IS 2018 Generierung HiWi/Data/helpdata/biobirth/bioage201.dta
1a_biobirth,137,save ,H:/git/isdatadoku/MASTER///hume/soep-data/DATA2/SOEP-IS/SOEP-IS 2018 Generierung HiWi/Data/helpdata/biobirth/kids_all_neu.dta
1a_biobirth,141,use ,H:/git/isdatadoku/MASTER///hume/soep-data/DATA2/SOEP-IS/SOEP-IS 2018 Generierung HiWi/Data/helpdata/biobirth/kids_all_neu.dta
1a_biobirth,161,save ,H:/git/isdatadoku/MASTER///hume/soep-data/DATA2/SOEP-IS/SOEP-IS 2018 Generierung HiWi/Data/helpdata/biobirth/kids_all_neu_1.dta
1a_biobirth,141,use ,H:/git/isdatadoku/MASTER///hume/soep-data/DATA2/SOEP-IS/SOEP-IS 2018 Generierung HiWi/Data/helpdata/biobirth/kids_all_neu.dta
1a_biobirth,161,save ,H:/git/isdatadoku/MASTER///hume/soep-data/DATA2/SOEP-IS/SOEP-IS 2018 Generierung HiWi/Data/helpdata/biobirth/kids_all_neu_2.dta
1a_biobirth,141,use ,H:/git/isdatadoku/MASTER///hume/soep-data/DATA2/SOEP-IS/SOEP-IS 2018 Generierung HiWi/Data/helpdata/biobirth/kids_all_neu.dta
1a_biobirth,161,save ,H:/git/isdatadoku/MASTER///hume/soep-data/DATA2/SOEP-IS/SOEP-IS 2018 Generierung HiWi/Data/helpdata/biobirth/kids_all_neu_3.dta
1a_biobirth,141,use ,H:/git/isdatadoku/MASTER///hume/soep-data/DATA2/SOEP-IS/SOEP-IS 2018 Generierung HiWi/Data/helpdata/biobirth/kids_all_neu.dta
1a_biobirth,161,save ,H:/git/isdatadoku/MASTER///hume/soep-data/DATA2/SOEP-IS/SOEP-IS 2018 Generierung HiWi/Data/helpdata/biobirth/kids_all_neu_4.dta
1a_biobirth,141,use ,H:/git/isdatadoku/MASTER///hume/soep-data/DATA2/SOEP-IS/SOEP-IS 2018 Generierung HiWi/Data/helpdata/biobirth/kids_all_neu.dta
1a_biobirth,161,save ,H:/git/isdatadoku/MASTER///hume/soep-data/DATA2/SOEP-IS/SOEP-IS 2018 Generierung HiWi/Data/helpdata/biobirth/kids_all_neu_5.dta
1a_biobirth,141,use ,H:/git/isdatadoku/MASTER///hume/soep-data/DATA2/SOEP-IS/SOEP-IS 2018 Generierung HiWi/Data/helpdata/biobirth/kids_all_neu.dta
1a_biobirth,161,save ,H:/git/isdatadoku/MASTER///hume/soep-data/DATA2/SOEP-IS/SOEP-IS 2018 Generierung HiWi/Data/helpdata/biobirth/kids_all_neu_6.dta
1a_biobirth,141,use ,H:/git/isdatadoku/MASTER///hume/soep-data/DATA2/SOEP-IS/SOEP-IS 2018 Generierung HiWi/Data/helpdata/biobirth/kids_all_neu.dta
1a_biobirth,161,save ,H:/git/isdatadoku/MASTER///hume/soep-data/DATA2/SOEP-IS/SOEP-IS 2018 Generierung HiWi/Data/helpdata/biobirth/kids_all_neu_7.dta
1a_biobirth,165,use ,H:/git/isdatadoku/MASTER///hume/soep-data/DATA2/SOEP-IS/SOEP-IS 2018 Generierung HiWi/Data/helpdata/biobirth/kids_all_neu.dta
1a_biobirth,169,merge ,H:/git/isdatadoku/MASTER///hume/soep-data/DATA2/SOEP-IS/SOEP-IS 2018 Generierung HiWi/Data/helpdata/biobirth/kids_all_neu_1.dta
1a_biobirth,169,merge ,H:/git/isdatadoku/MASTER///hume/soep-data/DATA2/SOEP-IS/SOEP-IS 2018 Generierung HiWi/Data/helpdata/biobirth/kids_all_neu_2.dta
1a_biobirth,169,merge ,H:/git/isdatadoku/MASTER///hume/soep-data/DATA2/SOEP-IS/SOEP-IS 2018 Generierung HiWi/Data/helpdata/biobirth/kids_all_neu_3.dta
1a_biobirth,169,merge ,H:/git/isdatadoku/MASTER///hume/soep-data/DATA2/SOEP-IS/SOEP-IS 2018 Generierung HiWi/Data/helpdata/biobirth/kids_all_neu_4.dta
1a_biobirth,169,merge ,H:/git/isdatadoku/MASTER///hume/soep-data/DATA2/SOEP-IS/SOEP-IS 2018 Generierung HiWi/Data/helpdata/biobirth/kids_all_neu_5.dta
1a_biobirth,169,merge ,H:/git/isdatadoku/MASTER///hume/soep-data/DATA2/SOEP-IS/SOEP-IS 2018 Generierung HiWi/Data/helpdata/biobirth/kids_all_neu_6.dta
1a_biobirth,169,merge ,H:/git/isdatadoku/MASTER///hume/soep-data/DATA2/SOEP-IS/SOEP-IS 2018 Generierung HiWi/Data/helpdata/biobirth/kids_all_neu_7.dta
1a_biobirth,181,save ,H:/git/isdatadoku/MASTER///hume/soep-data/DATA2/SOEP-IS/SOEP-IS 2018 Generierung HiWi/Data/helpdata/biobirth/kids_all_aufwuchs.dta
1a_biobirth,191,use ,H:/git/isdatadoku/MASTER///hume/soep-data/DATA2/SOEP-IS/SOEP-IS 2018 Generierung HiWi/Data/helpdata/biobirth/pbrutto_hv_all.dta
1a_biobirth,194,merge ,H:/git/isdatadoku/MASTER///hume/soep-data/DATA2/SOEP-IS/SOEP-IS 2018 Generierung HiWi/Data/helpdata/biobirth/kids_all_aufwuchs.dta
1a_biobirth,195,save ,H:/git/isdatadoku/MASTER///hume/soep-data/DATA2/SOEP-IS/SOEP-IS 2018 Generierung HiWi/Data/helpdata/biobirth/kids_parents_aufwuchs.dta
1a_biobirth,199,use ,H:/git/isdatadoku/MASTER///hume/soep-data/DATA2/SOEP-IS/SOEP-IS 2018 Generierung HiWi/Data/helpdata/biobirth/kids_parents_aufwuchs.dta
1a_biobirth,203,merge ,H:/git/isdatadoku/MASTER///hume/soep-data/DATA2/SOEP-IS/SOEP-IS 2018 Generierung HiWi/Data/helpdata/biobirth/lela2018.dta
1a_biobirth,221,save ,H:/git/isdatadoku/MASTER///hume/soep-data/DATA2/SOEP-IS/SOEP-IS 2018 Generierung HiWi/Data/helpdata/biobirth/kids_mom_aufwuchs.dta
1a_biobirth,227,use ,H:/git/isdatadoku/MASTER///hume/soep-data/DATA2/SOEP-IS/SOEP-IS 2018 Generierung HiWi/Data/helpdata/biobirth/lela2018.dta
1a_biobirth,290,save ,H:/git/isdatadoku/MASTER///hume/soep-data/DATA2/SOEP-IS/SOEP-IS 2018 Generierung HiWi/Data/helpdata/biobirth/lela2018_1.dta
1a_biobirth,302,use ,H:/git/isdatadoku/MASTER///hume/soep-data/DATA2/SOEP-IS/SOEP-IS 2018 Generierung HiWi/Data/helpdata/biobirth/kids_mom_aufwuchs.dta
1a_biobirth,303,merge ,H:/git/isdatadoku/MASTER///hume/soep-data/DATA2/SOEP-IS/SOEP-IS 2018 Generierung HiWi/Data/helpdata/biobirth/lela2018_1.dta
1a_biobirth,349,save ,H:/git/isdatadoku/MASTER///hume/soep-data/DATA2/SOEP-IS/SOEP-IS 2018 Generierung HiWi/Data/helpdata/biobirth/kids_mom_final.dta
1a_biobirth,355,use ,H:/git/isdatadoku/MASTER///hume/soep-data/DATA2/SOEP-IS/SOEP-IS 2018 Generierung HiWi/Data/helpdata/biobirth/kids_mom_final.dta
1a_biobirth,360,merge ,H:/git/isdatadoku/MASTER///hume/soep-data/DATA2/SOEP-IS/SOEP-IS 2018 Generierung HiWi/Data/helpdata/biobirth/lela2018_1.dta
1a_biobirth,479,save ,H:/git/isdatadoku/MASTER///hume/soep-data/DATA2/SOEP-IS/SOEP-IS 2018 Generierung HiWi/Data/helpdata/biobirth/biobirth_lela.dta
1a_biobirth,483,use ,H:/git/isdatadoku/MASTER///hume/soep-data/DATA2/SOEP-IS/SOEP-IS 2018 Generierung HiWi/Data/helpdata/biobirth/biobirth_lela.dta
1a_biobirth,484,merge ,H:/git/isdatadoku/MASTER///hume/soep-data/DATA2/SOEP-IS/SOEP-IS 2018 Generierung HiWi/Data/finaldata/DE/ppfad.dta
1a_biobirth,487,save ,H:/git/isdatadoku/MASTER///hume/soep-data/DATA2/SOEP-IS/SOEP-IS 2018 Generierung HiWi/Data/helpdata/biobirth/biobirth_lela_neu.dta
1a_biobirth,490,use ,H:/git/isdatadoku/MASTER///hume/soep-data/DATA2/SOEP-IS/SOEP-IS 2018 Generierung HiWi/Data/helpdata/biobirth/biobirth_lela.dta
1a_biobirth,491,merge ,H:/git/isdatadoku/MASTER///hume/soep-data/DATA2/SOEP-IS/SOEP-IS 2018 Generierung HiWi/Data/finaldata/DE/ppfad.dta
1a_biobirth,497,save ,H:/git/isdatadoku/MASTER///hume/soep-data/DATA2/SOEP-IS/SOEP-IS 2018 Generierung HiWi/Data/helpdata/biobirth/biobirth_lela_alt.dta
1a_biobirth,501,use ,H:/git/isdatadoku/MASTER///hume/soep-data/DATA2/SOEP-IS/SOEP-IS 2017 Generierung HiWi/Data/finaldata/DE/biobirth.dta
1a_biobirth,502,merge ,H:/git/isdatadoku/MASTER///hume/soep-data/DATA2/SOEP-IS/SOEP-IS 2018 Generierung HiWi/Data/finaldata/DE/ppfad.dta
1a_biobirth,506,save ,H:/git/isdatadoku/MASTER///hume/soep-data/DATA2/SOEP-IS/SOEP-IS 2018 Generierung HiWi/Data/helpdata/biobirth/zw_biobirth.dta
1a_biobirth,510,use ,H:/git/isdatadoku/MASTER///hume/soep-data/DATA2/SOEP-IS/SOEP-IS 2018 Generierung HiWi/Data/helpdata/biobirth/zw_biobirth.dta
1a_biobirth,511,append ,H:/git/isdatadoku/MASTER///hume/soep-data/DATA2/SOEP-IS/SOEP-IS 2018 Generierung HiWi/Data/helpdata/biobirth/biobirth_lela_neu.dta
1a_biobirth,525,merge ,H:/git/isdatadoku/MASTER///hume/soep-data/DATA2/SOEP-IS/SOEP-IS 2018 Generierung HiWi/Data/helpdata/biobirth/biobirth_lela_alt.dta
1a_biobirth,561,save ,H:/git/isdatadoku/MASTER///hume/soep-data/DATA2/SOEP-IS/SOEP-IS 2018 Generierung HiWi/Data/helpdata/biobirth/zw_biobirth_1.dta
1a_biobirth,566,use ,H:/git/isdatadoku/MASTER///hume/soep-data/DATA2/SOEP-IS/SOEP-IS 2018 Generierung HiWi/Data/helpdata/biobirth/zw_biobirth_1.dta
1a_biobirth,1710,save ,H:/git/isdatadoku/MASTER///hume/soep-data/DATA2/SOEP-IS/SOEP-IS 2018 Generierung HiWi/Data/helpdata/biobirth/zw_biobirth_1.dta
1b_biobirth,22,use ,H:/git/isdatadoku/MASTER///hume/soep-data/DATA2/SOEP-IS/SOEP-IS 2018 Generierung HiWi/Data/helpdata/biobirth/zw_biobirth_1.dta
1b_biobirth,340,merge ,H:/git/isdatadoku/MASTER///hume/soep-data/DATA2/SOEP-IS/SOEP-IS 2018 Generierung HiWi/Data/helpdata/biobirth/kids_mom.dta
1b_biobirth,424,save ,H:/git/isdatadoku/MASTER///hume/soep-data/DATA2/SOEP-IS/SOEP-IS 2018 Generierung HiWi/Data/helpdata/biobirth/biobirth_final2.dta
1b_biobirth,427,use ,H:/git/isdatadoku/MASTER///hume/soep-data/DATA2/SOEP-IS/SOEP-IS 2018 Generierung HiWi/Data/helpdata/biobirth/biobirth_final2.dta
1b_biobirth,427,use ,H:/git/isdatadoku/MASTER///hume/soep-data/DATA2/SOEP-IS/SOEP-IS 2018 Generierung HiWi/Data/helpdata/biobirth/biobirth_final2.dta
1b_biobirth,427,use ,H:/git/isdatadoku/MASTER///hume/soep-data/DATA2/SOEP-IS/SOEP-IS 2018 Generierung HiWi/Data/helpdata/biobirth/biobirth_final2.dta
1b_biobirth,427,use ,H:/git/isdatadoku/MASTER///hume/soep-data/DATA2/SOEP-IS/SOEP-IS 2018 Generierung HiWi/Data/helpdata/biobirth/biobirth_final2.dta
1b_biobirth,427,use ,H:/git/isdatadoku/MASTER///hume/soep-data/DATA2/SOEP-IS/SOEP-IS 2018 Generierung HiWi/Data/helpdata/biobirth/biobirth_final2.dta
1b_biobirth,427,use ,H:/git/isdatadoku/MASTER///hume/soep-data/DATA2/SOEP-IS/SOEP-IS 2018 Generierung HiWi/Data/helpdata/biobirth/biobirth_final2.dta
1b_biobirth,427,use ,H:/git/isdatadoku/MASTER///hume/soep-data/DATA2/SOEP-IS/SOEP-IS 2018 Generierung HiWi/Data/helpdata/biobirth/biobirth_final2.dta
1b_biobirth,427,use ,H:/git/isdatadoku/MASTER///hume/soep-data/DATA2/SOEP-IS/SOEP-IS 2018 Generierung HiWi/Data/helpdata/biobirth/biobirth_final2.dta
1b_biobirth,427,use ,H:/git/isdatadoku/MASTER///hume/soep-data/DATA2/SOEP-IS/SOEP-IS 2018 Generierung HiWi/Data/helpdata/biobirth/biobirth_final2.dta
1b_biobirth,479,use ,H:/git/isdatadoku/MASTER///hume/soep-data/DATA2/SOEP-IS/SOEP-IS 2018 Generierung HiWi/Data/helpdata/biobirth/biobirth_final2.dta
1b_biobirth,517,save ,H:/git/isdatadoku/MASTER///hume/soep-data/DATA2/SOEP-IS/SOEP-IS 2018 Generierung HiWi/Data/helpdata/biobirth/biobirth_final2.dta
1b_biobirth,523,use ,H:/git/isdatadoku/MASTER///hume/soep-data/DATA2/SOEP-IS/SOEP-IS 2018 Generierung HiWi/Data/helpdata/biobirth/biobirth_final2.dta
1b_biobirth,525,save ,H:/git/isdatadoku/MASTER/C:\Users\moehlers\AppData\Local\Temp\ST_122c_000001.tmp
1b_biobirth,531,append ,H:/git/isdatadoku/MASTER/C:\Users\moehlers\AppData\Local\Temp\ST_122c_000001.tmp
1b_biobirth,533,save ,H:/git/isdatadoku/MASTER///hume/soep-data/DATA2/SOEP-IS/SOEP-IS 2018 Generierung HiWi/Data/finaldata/biobirth/biobrthf_de.dta
1b_biobirth,537,save ,H:/git/isdatadoku/MASTER///hume/soep-data/DATA2/SOEP-IS/SOEP-IS 2018 Generierung HiWi/Data/finaldata/biobirth/biobrthf_en.dta
1b_biobirth,549,use ,H:/git/isdatadoku/MASTER///hume/soep-data/DATA2/SOEP-IS/SOEP-IS 2018 Generierung HiWi/Data/finaldata/biobirth/biobrthf_de.dta
1b_biobirth,577,merge ,H:/git/isdatadoku/MASTER///hume/soep-data/DATA2/SOEP-IS/SOEP-IS 2018 Generierung HiWi/Data/helpdata/biobirth/zw_biobirth.dta
2a_biobrthm,68,use ,H:/git/isdatadoku/MASTER///hume/soep-data/DATA2/SOEP-IS/SOEP-IS 2018 Generierung HiWi/Data/helpdata/biobirth/lela2018.dta
2a_biobrthm,69,merge ,H:/git/isdatadoku/MASTER///hume/soep-data/DATA2/SOEP-IS/SOEP-IS 2018 Generierung HiWi/Data/helpdata/biobirth/pbrutto_biobirth.dta
2a_biobrthm,100,use ,H:/git/isdatadoku/MASTER///hume/soep-data/DATA2/SOEP-IS/SOEP-IS 2018 Generierung HiWi/Data/helpdata/biobirth/pbrutto_biobirth.dta
2a_biobrthm,114,save ,H:/git/isdatadoku/MASTER///hume/soep-data/DATA2/SOEP-IS/SOEP-IS 2018 Generierung HiWi/Data/helpdata/biobirth/kids_all.dta
2a_biobrthm,118,use ,H:/git/isdatadoku/MASTER///hume/soep-data/DATA2/SOEP-IS/SOEP-IS 2018 Generierung HiWi/Data/helpdata/biobirth/kids_all.dta
2a_biobrthm,119,merge ,H:/git/isdatadoku/MASTER///hume/soep-data/DATA2/SOEP-IS/SOEP-IS 2018 Generierung HiWi/Data/helpdata/biobirth/bioage201.dta
2a_biobrthm,135,save ,H:/git/isdatadoku/MASTER///hume/soep-data/DATA2/SOEP-IS/SOEP-IS 2018 Generierung HiWi/Data/helpdata/biobirth/kids_all_neu.dta
2a_biobrthm,139,use ,H:/git/isdatadoku/MASTER///hume/soep-data/DATA2/SOEP-IS/SOEP-IS 2018 Generierung HiWi/Data/helpdata/biobirth/kids_all_neu.dta
2a_biobrthm,159,save ,H:/git/isdatadoku/MASTER///hume/soep-data/DATA2/SOEP-IS/SOEP-IS 2018 Generierung HiWi/Data/helpdata/biobirth/kids_all_neu_1.dta
2a_biobrthm,139,use ,H:/git/isdatadoku/MASTER///hume/soep-data/DATA2/SOEP-IS/SOEP-IS 2018 Generierung HiWi/Data/helpdata/biobirth/kids_all_neu.dta
2a_biobrthm,159,save ,H:/git/isdatadoku/MASTER///hume/soep-data/DATA2/SOEP-IS/SOEP-IS 2018 Generierung HiWi/Data/helpdata/biobirth/kids_all_neu_2.dta
2a_biobrthm,139,use ,H:/git/isdatadoku/MASTER///hume/soep-data/DATA2/SOEP-IS/SOEP-IS 2018 Generierung HiWi/Data/helpdata/biobirth/kids_all_neu.dta
2a_biobrthm,159,save ,H:/git/isdatadoku/MASTER///hume/soep-data/DATA2/SOEP-IS/SOEP-IS 2018 Generierung HiWi/Data/helpdata/biobirth/kids_all_neu_3.dta
2a_biobrthm,139,use ,H:/git/isdatadoku/MASTER///hume/soep-data/DATA2/SOEP-IS/SOEP-IS 2018 Generierung HiWi/Data/helpdata/biobirth/kids_all_neu.dta
2a_biobrthm,159,save ,H:/git/isdatadoku/MASTER///hume/soep-data/DATA2/SOEP-IS/SOEP-IS 2018 Generierung HiWi/Data/helpdata/biobirth/kids_all_neu_4.dta
2a_biobrthm,139,use ,H:/git/isdatadoku/MASTER///hume/soep-data/DATA2/SOEP-IS/SOEP-IS 2018 Generierung HiWi/Data/helpdata/biobirth/kids_all_neu.dta
2a_biobrthm,159,save ,H:/git/isdatadoku/MASTER///hume/soep-data/DATA2/SOEP-IS/SOEP-IS 2018 Generierung HiWi/Data/helpdata/biobirth/kids_all_neu_5.dta
2a_biobrthm,139,use ,H:/git/isdatadoku/MASTER///hume/soep-data/DATA2/SOEP-IS/SOEP-IS 2018 Generierung HiWi/Data/helpdata/biobirth/kids_all_neu.dta
2a_biobrthm,159,save ,H:/git/isdatadoku/MASTER///hume/soep-data/DATA2/SOEP-IS/SOEP-IS 2018 Generierung HiWi/Data/helpdata/biobirth/kids_all_neu_6.dta
2a_biobrthm,139,use ,H:/git/isdatadoku/MASTER///hume/soep-data/DATA2/SOEP-IS/SOEP-IS 2018 Generierung HiWi/Data/helpdata/biobirth/kids_all_neu.dta
2a_biobrthm,159,save ,H:/git/isdatadoku/MASTER///hume/soep-data/DATA2/SOEP-IS/SOEP-IS 2018 Generierung HiWi/Data/helpdata/biobirth/kids_all_neu_7.dta
2a_biobrthm,163,use ,H:/git/isdatadoku/MASTER///hume/soep-data/DATA2/SOEP-IS/SOEP-IS 2018 Generierung HiWi/Data/helpdata/biobirth/kids_all_neu.dta
2a_biobrthm,167,merge ,H:/git/isdatadoku/MASTER///hume/soep-data/DATA2/SOEP-IS/SOEP-IS 2018 Generierung HiWi/Data/helpdata/biobirth/kids_all_neu_1.dta
2a_biobrthm,167,merge ,H:/git/isdatadoku/MASTER///hume/soep-data/DATA2/SOEP-IS/SOEP-IS 2018 Generierung HiWi/Data/helpdata/biobirth/kids_all_neu_2.dta
2a_biobrthm,167,merge ,H:/git/isdatadoku/MASTER///hume/soep-data/DATA2/SOEP-IS/SOEP-IS 2018 Generierung HiWi/Data/helpdata/biobirth/kids_all_neu_3.dta
2a_biobrthm,167,merge ,H:/git/isdatadoku/MASTER///hume/soep-data/DATA2/SOEP-IS/SOEP-IS 2018 Generierung HiWi/Data/helpdata/biobirth/kids_all_neu_4.dta
2a_biobrthm,167,merge ,H:/git/isdatadoku/MASTER///hume/soep-data/DATA2/SOEP-IS/SOEP-IS 2018 Generierung HiWi/Data/helpdata/biobirth/kids_all_neu_5.dta
2a_biobrthm,167,merge ,H:/git/isdatadoku/MASTER///hume/soep-data/DATA2/SOEP-IS/SOEP-IS 2018 Generierung HiWi/Data/helpdata/biobirth/kids_all_neu_6.dta
2a_biobrthm,167,merge ,H:/git/isdatadoku/MASTER///hume/soep-data/DATA2/SOEP-IS/SOEP-IS 2018 Generierung HiWi/Data/helpdata/biobirth/kids_all_neu_7.dta
2a_biobrthm,179,save ,H:/git/isdatadoku/MASTER///hume/soep-data/DATA2/SOEP-IS/SOEP-IS 2018 Generierung HiWi/Data/helpdata/biobirth/kids_all_aufwuchs.dta
2a_biobrthm,189,use ,H:/git/isdatadoku/MASTER///hume/soep-data/DATA2/SOEP-IS/SOEP-IS 2018 Generierung HiWi/Data/helpdata/biobirth/pbrutto_hv_all.dta
2a_biobrthm,192,merge ,H:/git/isdatadoku/MASTER///hume/soep-data/DATA2/SOEP-IS/SOEP-IS 2018 Generierung HiWi/Data/helpdata/biobirth/kids_all_aufwuchs.dta
2a_biobrthm,193,save ,H:/git/isdatadoku/MASTER///hume/soep-data/DATA2/SOEP-IS/SOEP-IS 2018 Generierung HiWi/Data/helpdata/biobirth/kids_parents_aufwuchs.dta
2a_biobrthm,197,use ,H:/git/isdatadoku/MASTER///hume/soep-data/DATA2/SOEP-IS/SOEP-IS 2018 Generierung HiWi/Data/helpdata/biobirth/kids_parents_aufwuchs.dta
2a_biobrthm,201,merge ,H:/git/isdatadoku/MASTER///hume/soep-data/DATA2/SOEP-IS/SOEP-IS 2018 Generierung HiWi/Data/helpdata/biobirth/lela2018.dta
2a_biobrthm,221,save ,H:/git/isdatadoku/MASTER///hume/soep-data/DATA2/SOEP-IS/SOEP-IS 2018 Generierung HiWi/Data/helpdata/biobirth/kids_dad_aufwuchs.dta
2a_biobrthm,227,use ,H:/git/isdatadoku/MASTER///hume/soep-data/DATA2/SOEP-IS/SOEP-IS 2018 Generierung HiWi/Data/helpdata/biobirth/lela2018.dta
2a_biobrthm,279,save ,H:/git/isdatadoku/MASTER///hume/soep-data/DATA2/SOEP-IS/SOEP-IS 2018 Generierung HiWi/Data/helpdata/biobirth/lela2018_1.dta
2a_biobrthm,291,use ,H:/git/isdatadoku/MASTER///hume/soep-data/DATA2/SOEP-IS/SOEP-IS 2018 Generierung HiWi/Data/helpdata/biobirth/kids_dad_aufwuchs.dta
2a_biobrthm,292,merge ,H:/git/isdatadoku/MASTER///hume/soep-data/DATA2/SOEP-IS/SOEP-IS 2018 Generierung HiWi/Data/helpdata/biobirth/lela2018_1.dta
2a_biobrthm,336,save ,H:/git/isdatadoku/MASTER///hume/soep-data/DATA2/SOEP-IS/SOEP-IS 2018 Generierung HiWi/Data/helpdata/biobirth/kids_dad_final.dta
2a_biobrthm,342,use ,H:/git/isdatadoku/MASTER///hume/soep-data/DATA2/SOEP-IS/SOEP-IS 2018 Generierung HiWi/Data/helpdata/biobirth/kids_dad_final.dta
2a_biobrthm,347,merge ,H:/git/isdatadoku/MASTER///hume/soep-data/DATA2/SOEP-IS/SOEP-IS 2018 Generierung HiWi/Data/helpdata/biobirth/lela2018_1.dta
2a_biobrthm,465,save ,H:/git/isdatadoku/MASTER///hume/soep-data/DATA2/SOEP-IS/SOEP-IS 2018 Generierung HiWi/Data/helpdata/biobirth/biobrthm_lela.dta
2a_biobrthm,469,use ,H:/git/isdatadoku/MASTER///hume/soep-data/DATA2/SOEP-IS/SOEP-IS 2018 Generierung HiWi/Data/helpdata/biobirth/biobrthm_lela.dta
2a_biobrthm,470,merge ,H:/git/isdatadoku/MASTER///hume/soep-data/DATA2/SOEP-IS/SOEP-IS 2018 Generierung HiWi/Data/finaldata/DE/ppfad.dta
2a_biobrthm,473,save ,H:/git/isdatadoku/MASTER///hume/soep-data/DATA2/SOEP-IS/SOEP-IS 2018 Generierung HiWi/Data/helpdata/biobirth/biobrthm_lela_neu.dta
2a_biobrthm,476,use ,H:/git/isdatadoku/MASTER///hume/soep-data/DATA2/SOEP-IS/SOEP-IS 2018 Generierung HiWi/Data/helpdata/biobirth/biobrthm_lela.dta
2a_biobrthm,477,merge ,H:/git/isdatadoku/MASTER///hume/soep-data/DATA2/SOEP-IS/SOEP-IS 2018 Generierung HiWi/Data/finaldata/DE/ppfad.dta
2a_biobrthm,483,save ,H:/git/isdatadoku/MASTER///hume/soep-data/DATA2/SOEP-IS/SOEP-IS 2018 Generierung HiWi/Data/helpdata/biobirth/biobrthm_lela_alt.dta
2a_biobrthm,487,use ,H:/git/isdatadoku/MASTER///hume/soep-data/DATA2/SOEP-IS/SOEP-IS 2017 Generierung HiWi/Data/finaldata/DE/biobirth.dta
2a_biobrthm,488,merge ,H:/git/isdatadoku/MASTER///hume/soep-data/DATA2/SOEP-IS/SOEP-IS 2018 Generierung HiWi/Data/finaldata/DE/ppfad.dta
2a_biobrthm,492,save ,H:/git/isdatadoku/MASTER///hume/soep-data/DATA2/SOEP-IS/SOEP-IS 2018 Generierung HiWi/Data/helpdata/biobirth/zw_biobirthm.dta
2a_biobrthm,496,use ,H:/git/isdatadoku/MASTER///hume/soep-data/DATA2/SOEP-IS/SOEP-IS 2018 Generierung HiWi/Data/helpdata/biobirth/zw_biobirthm.dta
2a_biobrthm,497,append ,H:/git/isdatadoku/MASTER///hume/soep-data/DATA2/SOEP-IS/SOEP-IS 2018 Generierung HiWi/Data/helpdata/biobirth/biobrthm_lela_neu.dta
2a_biobrthm,528,merge ,H:/git/isdatadoku/MASTER///hume/soep-data/DATA2/SOEP-IS/SOEP-IS 2018 Generierung HiWi/Data/helpdata/biobirth/biobrthm_lela_alt.dta
2a_biobrthm,723,save ,H:/git/isdatadoku/MASTER///hume/soep-data/DATA2/SOEP-IS/SOEP-IS 2018 Generierung HiWi/Data/helpdata/biobirth/zw_biobirthm_1.dta
2a_biobrthm,728,use ,H:/git/isdatadoku/MASTER///hume/soep-data/DATA2/SOEP-IS/SOEP-IS 2018 Generierung HiWi/Data/helpdata/biobirth/zw_biobirthm_1.dta
2a_biobrthm,1876,save ,H:/git/isdatadoku/MASTER///hume/soep-data/DATA2/SOEP-IS/SOEP-IS 2018 Generierung HiWi/Data/helpdata/biobirth/zw_biobirthm_1.dta
2b_biobrthm,5,use ,H:/git/isdatadoku/MASTER///hume/soep-data/DATA2/SOEP-IS/SOEP-IS 2018 Generierung HiWi/Data/helpdata/biobirth/zw_biobirthm_1.dta
2b_biobrthm,324,merge ,H:/git/isdatadoku/MASTER///hume/soep-data/DATA2/SOEP-IS/SOEP-IS 2018 Generierung HiWi/Data/helpdata/biobirth/kids_dad.dta
2b_biobrthm,405,save ,H:/git/isdatadoku/MASTER///hume/soep-data/DATA2/SOEP-IS/SOEP-IS 2018 Generierung HiWi/Data/helpdata/biobirth/biobrthm_final2.dta
2b_biobrthm,408,use ,H:/git/isdatadoku/MASTER///hume/soep-data/DATA2/SOEP-IS/SOEP-IS 2018 Generierung HiWi/Data/helpdata/biobirth/biobrthm_final2.dta
2b_biobrthm,408,use ,H:/git/isdatadoku/MASTER///hume/soep-data/DATA2/SOEP-IS/SOEP-IS 2018 Generierung HiWi/Data/helpdata/biobirth/biobrthm_final2.dta
2b_biobrthm,408,use ,H:/git/isdatadoku/MASTER///hume/soep-data/DATA2/SOEP-IS/SOEP-IS 2018 Generierung HiWi/Data/helpdata/biobirth/biobrthm_final2.dta
2b_biobrthm,408,use ,H:/git/isdatadoku/MASTER///hume/soep-data/DATA2/SOEP-IS/SOEP-IS 2018 Generierung HiWi/Data/helpdata/biobirth/biobrthm_final2.dta
2b_biobrthm,408,use ,H:/git/isdatadoku/MASTER///hume/soep-data/DATA2/SOEP-IS/SOEP-IS 2018 Generierung HiWi/Data/helpdata/biobirth/biobrthm_final2.dta
2b_biobrthm,408,use ,H:/git/isdatadoku/MASTER///hume/soep-data/DATA2/SOEP-IS/SOEP-IS 2018 Generierung HiWi/Data/helpdata/biobirth/biobrthm_final2.dta
2b_biobrthm,408,use ,H:/git/isdatadoku/MASTER///hume/soep-data/DATA2/SOEP-IS/SOEP-IS 2018 Generierung HiWi/Data/helpdata/biobirth/biobrthm_final2.dta
2b_biobrthm,408,use ,H:/git/isdatadoku/MASTER///hume/soep-data/DATA2/SOEP-IS/SOEP-IS 2018 Generierung HiWi/Data/helpdata/biobirth/biobrthm_final2.dta
2b_biobrthm,408,use ,H:/git/isdatadoku/MASTER///hume/soep-data/DATA2/SOEP-IS/SOEP-IS 2018 Generierung HiWi/Data/helpdata/biobirth/biobrthm_final2.dta
2b_biobrthm,460,use ,H:/git/isdatadoku/MASTER///hume/soep-data/DATA2/SOEP-IS/SOEP-IS 2018 Generierung HiWi/Data/helpdata/biobirth/biobrthm_final2.dta
2b_biobrthm,498,save ,H:/git/isdatadoku/MASTER///hume/soep-data/DATA2/SOEP-IS/SOEP-IS 2018 Generierung HiWi/Data/helpdata/biobirth/biobrthm_final2.dta
2b_biobrthm,505,use ,H:/git/isdatadoku/MASTER///hume/soep-data/DATA2/SOEP-IS/SOEP-IS 2018 Generierung HiWi/Data/helpdata/biobirth/biobrthm_final2.dta
2b_biobrthm,507,save ,H:/git/isdatadoku/MASTER/C:\Users\moehlers\AppData\Local\Temp\ST_122c_000001.tmp
2b_biobrthm,513,append ,H:/git/isdatadoku/MASTER/C:\Users\moehlers\AppData\Local\Temp\ST_122c_000001.tmp
2b_biobrthm,515,save ,H:/git/isdatadoku/MASTER///hume/soep-data/DATA2/SOEP-IS/SOEP-IS 2018 Generierung HiWi/Data/finaldata/biobirth/biobrthm_de.dta
2b_biobrthm,519,save ,H:/git/isdatadoku/MASTER///hume/soep-data/DATA2/SOEP-IS/SOEP-IS 2018 Generierung HiWi/Data/finaldata/biobirth/biobrthm_en.dta
2b_biobrthm,531,use ,H:/git/isdatadoku/MASTER///hume/soep-data/DATA2/SOEP-IS/SOEP-IS 2018 Generierung HiWi/Data/finaldata/biobirth/biobrthm_de.dta
2b_biobrthm,559,merge ,H:/git/isdatadoku/MASTER///hume/soep-data/DATA2/SOEP-IS/SOEP-IS 2018 Generierung HiWi/Data/helpdata/biobirth/zw_biobirthm.dta
3a_biobirth_Korrekturen_Mutter,17,use ,H:/git/isdatadoku/MASTER///hume/soep-data/DATA2/SOEP-IS/SOEP-IS 2018 Generierung HiWi/Data/finaldata/biobirth/biobrthf_de.dta
3a_biobirth_Korrekturen_Mutter,1203,save ,H:/git/isdatadoku/MASTER///hume/soep-data/DATA2/SOEP-IS/SOEP-IS 2018 Generierung HiWi/Data/helpdata/biobirth/biobirth_final_females_de.dta
3b_biobirth_Korrekturen_Vater,20,use ,H:/git/isdatadoku/MASTER///hume/soep-data/DATA2/SOEP-IS/SOEP-IS 2018 Generierung HiWi/Data/finaldata/biobirth/biobrthm_de.dta
3b_biobirth_Korrekturen_Vater,1221,save ,H:/git/isdatadoku/MASTER///hume/soep-data/DATA2/SOEP-IS/SOEP-IS 2018 Generierung HiWi/Data/helpdata/biobirth/biobirth_final_males_de.dta
3b_biobirth_Korrekturen_Vater,1224,use ,H:/git/isdatadoku/MASTER///hume/soep-data/DATA2/SOEP-IS/SOEP-IS 2018 Generierung HiWi/Data/helpdata/biobirth/biobirth_final_females_de.dta
3b_biobirth_Korrekturen_Vater,1225,merge ,H:/git/isdatadoku/MASTER///hume/soep-data/DATA2/SOEP-IS/SOEP-IS 2018 Generierung HiWi/Data/helpdata/biobirth/biobirth_final_males_de.dta
3b_biobirth_Korrekturen_Vater,1261,save ,H:/git/isdatadoku/MASTER///hume/soep-data/DATA2/SOEP-IS/SOEP-IS 2018 Generierung HiWi/Data/finaldata/biobirth/biobirth_de_checks.dta
3b_biobirth_Korrekturen_Vater,1265,save ,H:/git/isdatadoku/MASTER///hume/soep-data/DATA2/SOEP-IS/SOEP-IS 2018 Generierung HiWi/Data/finaldata/biobirth/biobirth_de.dta
3c_biobirth_Corrections_Mothers,15,use ,H:/git/isdatadoku/MASTER///hume/soep-data/DATA2/SOEP-IS/SOEP-IS 2018 Generierung HiWi/Data/finaldata/biobirth/biobrthf_en.dta
3c_biobirth_Corrections_Mothers,1200,save ,H:/git/isdatadoku/MASTER///hume/soep-data/DATA2/SOEP-IS/SOEP-IS 2018 Generierung HiWi/Data/helpdata/biobirth/biobirth_final_females_en.dta
3d_biobirth_Corrections_Fathers,18,use ,H:/git/isdatadoku/MASTER///hume/soep-data/DATA2/SOEP-IS/SOEP-IS 2018 Generierung HiWi/Data/finaldata/biobirth/biobrthm_en.dta
3d_biobirth_Corrections_Fathers,1207,save ,H:/git/isdatadoku/MASTER///hume/soep-data/DATA2/SOEP-IS/SOEP-IS 2018 Generierung HiWi/Data/helpdata/biobirth/biobirth_final_males_en.dta
3d_biobirth_Corrections_Fathers,1210,use ,H:/git/isdatadoku/MASTER///hume/soep-data/DATA2/SOEP-IS/SOEP-IS 2018 Generierung HiWi/Data/helpdata/biobirth/biobirth_final_females_en.dta
3d_biobirth_Corrections_Fathers,1211,merge ,H:/git/isdatadoku/MASTER///hume/soep-data/DATA2/SOEP-IS/SOEP-IS 2018 Generierung HiWi/Data/helpdata/biobirth/biobirth_final_males_en.dta
3d_biobirth_Corrections_Fathers,1246,save ,H:/git/isdatadoku/MASTER///hume/soep-data/DATA2/SOEP-IS/SOEP-IS 2018 Generierung HiWi/Data/finaldata/biobirth/biobirth_en_checks.dta
3d_biobirth_Corrections_Fathers,1252,save ,H:/git/isdatadoku/MASTER///hume/soep-data/DATA2/SOEP-IS/SOEP-IS 2018 Generierung HiWi/Data/finaldata/biobirth/biobirth_en.dta
